tablespoon	measuring
bomb	exploding
listening	communicating
brush	brush
oboe	fun
alley	garages
sunglasses	protection
surfing	adventure
chain	decoration
grid	graph
penny	paying
tub	bathing
pickle	eating
poem	romance
remembering	knowing
voice	shout
muscle	constricting
tool	making
temple	religion
painting	relaxation
billfold	money
contemplating	analysis
compact	drive
game	fun
mouth	kissing
tin	storage
childhhood	playing
foot	kicking
attribute	describing
head	beginning
machine	write
punishing	education
success	reward
talking	gossip
key	locking
army	wars
bycicle	drive
handlbe	gripping
nose	breaking
competing	excelling
lawn	sunbathing
weapon	protection
arrow	wound
reproducing	reproduction
street	traveling
ranch	livestock
mat	judo
sky	sun
lantern	illumination
alley	walk
pool	join
film	negative
ottoman	relaxing
map	weak
medicine	healthy
title	book
university	research
head	think
number	math
condo	selling
bullet	shooting
call	contact
church	sing
hotel	sleep
instrument	playing
phone	communication
soundstage	cameramen
alto	singing
desk	work
earring	vanity
tearoom	socializing
cotton	sewing
council	judgement
kite	hobby
parkway	trasnportation
thanking	communication
getting	everyone
light	reading
puzzle	distraction
snowflake	snowpeople
needle	sew
tooth	cavities
copulating	domination
luggage	carrying
wrestling	children
banjo	music
key	close
lying	averting
sofabed	guests
text	teaching
bolt	fasten
drawer	organization
bean	growing
book	research
disk	throw
scrapbook	remembering
sale	marketing
corn	baking
sky	rain
alcoholics	alcohol
minister	people
resting	relaxation
surface	painting
curtain	curtain
clippers	cut
poet	rhyming
yoyo	play
cave	hide
detector	response
hammer	smiting
meat	clothing
nightclub	partying
keyboard	work
stylus	drawing
necklace	jewelry
puck	hit
airplane	flying
swimming	exersize
photograph	memories
aisle	passagewy
bicycle	transportation
judging	evaluation
knife	wounding
box	storage
basket	storing
baritone	saxing
fax	communicating
ink	printing
store	purchase
book	inspiration
union	represent
vehicle	mobility
living	healthy
ambulance	drive
wire	fastener
shower	wash
cup	trophy
wings	flapping
bathing	relaxation
stadium	games
frisbee	park
projectile	games
cream	person
world	exploring
wheel	rolling
vinyl	produce
leader	follow
luggage	packing
calculator	arithmetic
carpeting	warmth
wine	drinking
machine	vacuum
shore	meditation
muscle	extension
running	escaping
junkies	heroin
baseball	games
temple	beauty
school	education
gymnasium	gymnastics
stairwell	ascend
basket	buying
communicating	education
candle	decoration
baggage	travelling
townhouse	decorating
smoothie	drinking
heart	empathize
card	christmas
smoking	habit
pebble	toss
word	insult
townhouse	government
wrestling	entertainment
writing	pleasure
arena	fight
carpeting	utility
canal	division
painting	refurbishing
parlor	visiting
diamond	ever
keys	unlocking
bureau	drawers
bathroom	shaving
container	containing
shirt	advertisement
thinking	predicting
boat	recreation
club	club
playing	relaxing
hoist	li
money	buying
sea	swim
soap	bathing
brick	construct
leader	followers
salt	seasoning
money	rich
baggage	travel
mailbox	mail
performing	musicians
painting	aesthetics
sound	annoy
soundstage	performing
head	thinking
breathing	life
kingdom	government
cloth	patch
killing	crime
mirror	spectator
elevator	hoist
surfing	surfers
basketball	bounc
ship	voyage
apparatus	serve
field	walking
marijuana	pleasure
arrow	fly
wood	boats
cupboard	dishes
game	learning
bomber	kill
clip	bind
letter	alphabet
hair	shampooing
ferry	transportation
reading	knowing
skating	hockey
flask	wine
kissing	fun
child	fun
lip	whistling
mechanism	help
shoes	worn
thinking	reason
machine	survey
skiing	recreation
swimming	competition
finger	poke
tool	using
soprano	description
corn	nutrition
wing	airplanes
eye	blinking
algorithm	software
staircase	exercise
illness	rest
attic	storage
bath	relaxing
headlock	fighting
violin	entertaining
needle	embroider
snoring	sleeping
writing	authors
scalpel	cut
delicatessen	lunchmeat
bag	hold
bed	hold
ottoman	sit
tickling	bugging
knives	cook
piece	fix
basket	selling
tv	learning
sword	killing
metronome	time
movie	entertainment
pain	persuade
accordion	music
meat	food
temple	togetherness
exit	exiting
minibar	partying
bowl	wheaties
cover	modesty
entranceway	looks
sofa	people
boat	floating
food	nourishment
tile	decoration
pistol	aim
pistol	scaring
amphitheatre	fun
file	form
roads	traffic
communicating	understanding
computer	communication
segway	transportation
diving	cover
drinking	enjoyment
knife	coring
terrace	barbeque
chair	sitting
sign	display
yacht	transport
jar	storage
painting	expression
motel	travelers
garage	mechanic
mine	explosion
flute	music
living	loving
voice	sing
folder	organizing
book	companionship
marble	game
trash	disposal
army	protection
apartment	owning
candle	illumination
tickling	play
card	introducing
cellar	basement
bow	shoot
auditorium	assembly
bell	toll
plain	farmland
reading	entertainment
science	chemistry
tree	aesthetics
lobby	elevators
resting	stopping
skylight	ceiling
skiing	excitement
reproducing	improvement
walking	relaxation
classroom	teach
lawn	admiring
communicating	socialising
marker	write
performing	artistes
water	drink
foot	movement
reading	enjoyment
candle	decorations
condom	protection
alarm	alert
telephone	communication
sword	ceremony
bread	toasting
poisons	kill
queen	king
candle	light
copulating	lovers
listening	knowing
car	drive
frisbee	catching
scissors	cutting
sofabed	sitting
mound	baseball
surfing	entertainment
bench	seat
eye	winking
pouch	jewels
bowl	apples
elevator	raise
hole	screws
cloud	thunder
fortune	spending
scissors	ribbon
remembering	recalling
bleach	cleaning
cam	climbing
ball	tennis
grocer	supply
remembering	memory
kangaroos	jumping
cigarette	burning
eye	perceiving
painting	recreation
pub	socialising
candle	luminosity
painting	finishing
sheep	shearing
traveling	education
explosive	destruction
book	help
driveway	truck
notepad	sketching
eating	sustenance
handcuffs	restrain
writing	information
mug	coffee
baseball	playing
locomotive	work
snow	weather
hand	mastrubate
laser	fun
lamp	illumination
basket	carrying
copulating	enjoyment
kissing	remembering
surfing	activity
rug	decoration
ball	bearing
hall	entertain
pulpit	bully
ceiling	painting
rule	guide
flour	cakes
flash	light
minibar	drinking
ball	game
punching	hurt
stone	measuring
eye	learning
research	learning
tickling	elmo
scalpel	cutting
diving	relaxation
statue	display
prostitute	sex
knob	pulling
government	management
dustbin	garbage
silicone	varnishes
lake	fishing
aquarium	fish
party	birthday
piece	puzzle
stage	performance
thinking	articulating
binder	organize
gas	heating
tickling	flirting
machine	excavate
keyboard	typing
highlighter	hilighting
getting	obtaining
egg	throwing
lips	tasting
name	labelling
aquarium	hold
cellar	wine
membrane	separate
boulevard	strolling
movies	entertain
rifle	shooting
saddle	donkey
egg	nurturing
restaurant	dinner
doctors	illness
knife	disect
bullet	hunting
machinery	perform
machine	function
saddle	horse
sign	advertisments
wheelchair	mobility
diaphragm	birthcontrol
altar	worship
animal	beastiality
playing	exercise
isle	walking
soap	cleaning
whisky	drinking
bat	swinging
drum	music
learning	advancing
playroom	fun
dish	hold
jeans	clothing
house	residency
jewelry	adornment
ranch	ranching
sleeping	rejuvination
monocle	seeing
bell	bludgeoning
curb	gutter
foot	standing
guitar	sound
fencing	entertainment
exercising	training
bowl	serve
pad	cushion
bus	transportation
thruway	travel
thinking	solving
yard	storage
door	passage
net	volleyball
bow	play
counter	wiping
warehouse	storage
cabinets	storage
furniture	furnish
leader	leading
person	holding
student	help
performance	art
cards	play
archway	support
car	transport
jail	punishment
aircraft	fly
running	speed
surfing	pleasure
kissing	friendship
show	wearing
lens	eyeglasses
corn	growing
ball	inflating
driveway	car
prince	princess
seat	resting
sock	comfort
soul	life
thinking	survival
title	information
dancing	performance
cave	exploration
den	resting
sofa	fucking
cheque	repayment
painting	pastime
pulpit	preacher
bread	eating
silver	candlesticks
key	opening
buying	owning
curb	street
kettle	boil
shirt	uniformity
mandala	meditate
site	laughing
machine	plow
banjo	holding
dog	safty
stone	tossing
triggerlock	security
cake	gift
chalk	writing
machine	cremate
plastic	toys
dish	scan
poem	communicating
diving	pearls
diving	pleasure
fountain	admiring
mast	climbing
school	learning
ottoman	decoration
sleeping	recovering
porch	relaxing
meat	eat
game	playinh
bed	napping
bathtub	bathe
sofa	relaxing
microphone	amplification
street	travel
lock	protecting
moisturizers	hydrate
wing	flying
book	solutions
party	recreation
dish	cooking
drinking	intoxication
utensils	writing
rocketship	travel
meat	butchering
denim	jackets
living	existing
playing	fun
house	protection
decanter	wine
barbecue	families
bucket	hold
machine	dig
tooth	frightening
wool	sweaters
card	birthday
banjo	playing
highway	moving
revolver	robbery
note	tempo
box	hold
lying	manipulating
tape	tape
batten	defense
duster	dusting
game	amusement
machine	filter
border	accent
airplane	travel
oil	cars
flash	flash
rifle	hunting
nylon	coverings
thinking	reasoning
sheet	sleeping
poem	reading
cue	billiards
discothque	drinking
link	join
mandolin	playing
vessel	piloting
churchyard	gather
pad	mouse
water	showering
gum	chewing
nylon	wear
story	reading
violin	creating
couch	comfort
bench	resting
president	leading
bay	sailing
soap	showering
cotton	thread
knife	filleting
show	entertain
knife	spreading
cigarette	relaxing
nose	face
rule	ruling
calculaters	math
lighter	burning
space	seperation
art	inspiration
map	information
elevator	transport
letter	post
celebrating	success
rifle	murder
traveling	anyone
bishop	religion
bullet	shoot
feather	tickle
rook	flying
beam	shine
needle	embroidery
bathroom	grooming
oil	oiling
blade	slit
cake	celebration
cake	cooking
library	reading
kissing	bonding
minister	ceremonies
ticket	enterance
bench	legislating
ring	finger
bass	fun
bathing	relaxing
ottoman	sitting
pretending	playing
lying	decieving
moon	observation
line	trace
box	seat
machine	kill
skiing	entertainment
minister	guidance
jogging	exercise
god	hope
motor	locomotion
violence	kill
clock	clock
snow	removal
lock	security
painting	tranquility
call	communicating
plate	decoration
shirt	dressing
pulpit	orate
knife	unraveling
film	record
land	farming
yoyo	spinning
swimming	enjoyment
tool	causing
competing	winning
wrestling	sport
handgun	killing
math	fun
piano	playing
theater	actors
food	energy
towel	wiping
stairway	ascent
mill	mill
gate	closing
cpr	resuscitation
kitchenette	cook
gong	king
resting	relaxing
castle	exploring
kitchen	cook
sofa	sleeping
forgiving	wimps
painting	artists
bomb	terrorism
mouth	talking
meat	protein
pill	medicine
dreaming	predicting
cloth	clothes
computer	learn
denim	paper
foot	jogging
isle	fishing
machine	fry
socialist	community
arena	compete
book	study
piano	teaching
piano	decoration
tile	flooring
quartz	rocks
diner	eat
literature	student
cash	flaunting
knife	loosening
resting	refreshment
satellite	spying
wood	fireplaces
role	purpose
sleeping	lazy
cup	drinking
desk	working
place	location
queen	people
fruit	eating
pebble	throwing
town	live
sewing	fun
spoons	eat
wrestling	pleasure
book	highlighting
canoe	paddling
machine	televise
id	identification
filter	filtrate
gel	lubrication
idolatry	worship
salt	season
cave	sleeping
meditation	relaxation
square	measurement
basketball	dribbling
cooking	chefs
contralto	sing
lobby	entry
mineral	geology
beanbag	lazyness
handcart	haul
knife	mashing
isle	walk
fiddling	appliance
lantern	decoration
note	communication
handgun	mayhem
communicating	conversation
souvenir	remembering
bathroom	washing
house	pets
smoking	conversation
knife	cutting
wheat	food
alarm	ring
bread	nutrition
explosive	dig
file	organization
sidewalk	rollerblade
stylus	embossing
loft	sleeping
pool	swimming
talking	speech
fishing	relaxing
tub	soak
lisp	ai
cake	decorating
cloud	rain
book	learning
lip	protect
bassoon	orchestra
school	studying
mound	pitch
computers	work
cash	impress
foot	walking
island	swin
penny	spending
typewriter	labels
dynamite	explosions
pit	fighting
kissing	adults
staircase	climbing
praying	hope
baritone	music
lobby	talk
equipment	undertake
performance	entertainment
barbecue	holiday
blanketing	covering
ranch	vacation
stairwell	stairs
gun	fire
place	event
grenade	war
beanbag	a
story	teach
track	trains
motel	guests
match	ignite
reading	education
bench	sleeping
frisbee	beach
canvas	covering
literature	remembering
leash	lead
saxophone	jazz
stone	throwing
wire	shape
bicycle	riding
hiking	exercise
intersection	meet
knife	severing
pill	headaches
floor	walking
playing	relaxation
saddle	mule
pouch	joey
rosemary	remembrance
railing	protection
theatre	movies
book	gambling
street	driving
playing	teaching
factory	manufacturing
game	observing
razor	sucide
diving	exploration
balloon	decoration
armchair	sitting
pulpit	talking
hiking	excercize
bicycle	racing
razor	carving
tree	oxygen
soprano	jazz
meat	buying
refrigerator	refrigerating
rifle	hunt
mineral	nutrition
island	vacation
string	tie
wheel	turning
garbage	disposal
suitcase	packing
money	needs
yacht	race
merchant	selling
jogging	yuppies
lips	speak
denim	clothes
music	enlightenment
mug	drinks
ocean	diving
killing	murdering
copulating	excercise
pad	write
resting	rejuvenation
cat	pet
bishop	kill
city	protection
judging	christians
motorway	transport
shopping	fun
terrace	decoration
machine	steer
basketball	bouncing
knife	hacking
playing	everyone
bidet	washing
sponge	cleaning
knife	nicking
buffet	dessert
link	connect
triangle	trigonometry
row	propulsion
tap	beer
hill	sledding
resting	recuperating
tooth	sawing
metal	casting
finger	tickle
country	order
bean	eating
ring	jelwellery
punishing	justice
arena	sports
ring	symbolism
lamp	reading
soldier	war
prince	royalty
garden	decoration
analysing	studying
sand	sandcastles
gas	balloons
divider	divide
bolt	screw
laser	measuring
silicone	entertainment
soul	inspire
fabric	fibreglass
brownstone	residing
box	stacking
line	decorate
lips	communicate
shadow	cooling
key	unlock
makeup	cover
finger	counting
ribbon	tying
tickling	teasing
machine	phone
dreaming	visualizing
amphitheatre	performances
drum	hitting
ruler	measuring
doll	collecting
drinking	hydration
sausage	food
razor	cutting
accommodation	stay
killing	murderers
grenade	killing
solicitor	litigation
folder	storage
violence	terrorism
movie	enjoying
billboard	advertisment
climbing	fun
altar	pray
club	dance
computers	dorks
singing	enjoyment
wound	healing
pool	relax
chapel	meditating
pet	companionship
herringbone	jab
piece	assemble
dustbin	trash
wine	relaxing
rug	cover
book	reports
diner	eating
queen	chess
remembering	thinking
cinema	entertainment
needles	sewing
reading	enlightenment
book	uplift
makeup	wearer
key	lock
lion	safari
note	remembering
machine	vote
baseball	catching
bullet	projectile
deli	eating
keyboard	coding
pouch	cover
prince	england
bell	calling
boats	fishing
diamond	drill
linen	drying
pulpit	preach
foot	measuring
relaxing	stressed
ribbon	fashion
stool	milking
star	guidance
doorway	entry
knife	butchering
garbage	recycling
coffin	coffin
mitt	catching
classroom	participating
ocean	fish
paper	notes
scissors	cut
stamp	postage
land	hunting
statue	symbolize
machinery	function
chalk	mark
bomb	destruction
couch	sex
wheat	flour
dancing	people
space	item
arrow	pierce
woods	hiking
canoe	boating
silicone	lubricants
population	consumption
college	learning
vessel	shipping
stylus	pointing
listening	helping
turnpike	turning
blowdryer	drying
bedroom	privacy
carpeting	comfort
niece	babysitting
cheque	bills
lying	liars
accommodations	sleeping
living	eating
courtyard	sit
linen	material
people	talk
dreaming	yukon
performing	acting
shelf	books
chapel	christians
note	rhythm
nightclub	parties
mill	crush
cake	serving
hiking	campers
procreating	pleasure
coast	beaches
engine	power
flask	liquids
drill	hole
churchyard	graves
instrument	music
pretending	actors
bar	protect
drug	taking
shore	swim
thanking	courtesy
bathing	pleasure
fruit	garnish
spa	recreating
suicide	death
ocean	swimming
thread	sewing
seat	hit
playing	gamers
skyscraper	elevators
fountain	decoration
hotel	rest
light	seeing
fork	eat
file	shape
linen	washing
relaxing	break
canal	irrigation
statement	exposition
wetsuit	scuba
entryway	enter
ink	coloring
cord	binding
legs	running
teacher	answers
house	sell
brain	thinking
heart	breaking
poem	class
liquids	drinking
farecard	pay
chapel	worshipping
roof	covering
wall	wail
jogging	toning
marble	shoot
mezzanine	balcony
helmets	protection
head	hat
wheat	cake
projectile	shoot
airbag	safety
flirting	reproduction
board	building
doormat	decoration
puzzle	solving
cloth	dusting
penny	collecting
robot	nyantai
name	identifying
wing	flapping
bbq	cooking
leaf	shade
reproducing	distributing
ambulance	rush
animal	pet
candle	bruning
eye	seing
altar	church
string	guitar
viola	playing
foot	walk
stool	working
cottage	living
ball	bearings
church	prayer
punching	hurting
cafe	dinner
books	entertain
senior	memories
memory	function
mezzanine	intermission
breathing	survive
bowl	soup
kite	entertainment
level	leveling
classroom	experimenting
grid	plot
key	open
earth	living
hat	shade
museum	education
wings	glide
sofabed	sleep
icebox	drinks
machine	help
nail	scratching
plane	fly
swallowing	drinking
barroom	serve
brush	paint
tv	entertainment
farting	laughs
tub	baths
excavation	mining
gun	shot
chapel	meditation
checkbook	paying
coil	wire
trash	recycle
drinking	pleasure
pond	swimming
car	mobility
hair	braiding
bell	ringing
leg	motility
bus	traveling
discothque	relax
playing	children
pen	drawing
mast	sail
tearoom	conversation
child	comfort
pencil	doodling
binder	papers
shareholder	financing
apartment	enter
balloon	popping
garage	cars
nylon	sewing
tablespoon	stirring
tile	wall
body	move
projectile	injuring
lips	flapping
lane	driving
eating	hunger
learning	improving
robot	companionship
killing	harm
party	celebration
hat	stylish
voyage	travel
lake	boating
doctor	heal
beanbag	juggling
guns	kill
literature	studying
sofabed	sleeping
procreating	sex
mind	thinking
vinyl	records
mansion	governor
taxiway	airplane
walking	health
lantern	light
teaspoon	stiring
hair	cutting
river	boating
finger	soothing
attic	trunks
buying	comsumption
house	investment
armoire	clother
glasses	see
literature	teacher
lying	cheating
pad	paper
passage	description
people	population
skating	pleasure
tooth	gripping
book	instruction
passion	romance
reproducing	cloning
brook	fishing
tool	altering
blade	cut
living	enjoying
yoyo	enjoyment
candle	ambiance
pool	diving
tree	beauty
cane	hold
farmhouse	living
piano	entertainment
tool	adjusting
leather	whips
thinking	dogs
wings	fly
stapler	stapling
killing	fun
sand	sandboxes
walking	fun
pistol	killing
water	hydration
dish	serve
entertaining	pleasure
leather	shoes
seat	waiting
dildo	fucking
council	talking
traveling	business
tile	build
show	education
robot	help
guitar	teach
muscle	walking
defibrilator	resuscitation
river	recreation
ice	drink
wheat	harvesting
tile	covering
den	animals
climbing	exercising
saloon	socializing
nuns	poverty
puzzle	play
building	shelter
student	classroom
sign	telling
machine	grind
poison	kill
climbing	enjoyment
ball	throwing
role	act
theatre	plays
duvet	sleeping
denim	jeans
studying	understanding
arena	competitions
turnstile	admissions
chopsticks	eat
cave	archeology
diving	competition
bread	pudding
dying	mortals
cleaning	hygiene
saloon	drink
study	reading
water	drinking
lion	entertain
silicone	lubricate
bed	reading
computer	compute
corn	eating
feather	decoration
beer	drinking
leader	group
mat	protect
performing	accomplishing
people	humanity
handle	manipulate
love	giving
society	survival
punishing	vindictive
society	cooperation
skiing	winter
minister	facilitate
highway	cars
desk	drafting
auditorium	performances
candle	heat
lips	smoking
clock	decoration
fiddling	fun
sleeping	recuperating
contemplating	introspection
island	vacations
tap	signalling
tapestry	decorate
projectile	killing
volume	research
wine	selling
sky	breathing
neck	kissing
wings	soaring
refill	softdrinks
home	family
clay	sculpting
friend	loving
battle	fighting
university	teaching
mechanism	perform
library	research
village	sleeping
killing	animals
sofabed	comfort
pens	wrtie
population	study
thinking	being
tooth	grinding
killing	war
classroom	classes
verb	discription
party	relaxing
mechanism	function
heart	persistence
viola	enjoyment
cigarette	smoke
killing	contract
chapel	prayer
grid	computing
cloth	bedding
breathing	survival
finger	warn
bass	eat
basketball	throwing
lake	diving
mouth	eating
seat	kick
tickling	fun
rhetoric	persuasion
shirt	wearing
fencing	competition
home	dwelling
razor	shave
relaxing	resting
pickle	garnish
auditorium	lectures
blade	cutting
gas	exploding
machine	glaze
shed	storage
dancing	ballerinas
tickling	humor
blowtorch	welding
book	learn
makeup	enhance
bowl	cereal
spade	digging
performing	attention
island	relax
pans	cooking
university	study
water	cleaning
memorising	recital
mine	explode
coal	energy
storm	thundering
album	play
curtain	obstruct
cake	celebrate
war	intimidate
success	feeling
silver	jewelry
harmonica	humming
cloud	snow
soundstage	recording
ocean	relaxing
toilet	pooping
food	eat
hat	decoration
rifle	killing
penny	luck
drill	whistle
ring	engage
garden	relax
needle	repair
linen	tablecloth
puzzle	entertaintment
office	working
backdrop	photography
sign	identification
ball	kicking
wire	fasten
garden	greenthumb
tooth	fillings
system	efficiency
island	isolation
neckwear	adornment
thanking	politeness
duplex	families
soap	washing
edinburgh	tourism
wood	building
pretending	acting
linoleum	bathrooms
thinking	synchronizing
people	socializing
people	play
wheel	steering
bicycle	traveling
discothque	fun
pot	stirring
pens	writing
literature	professor
refuse	landfills
staircase	ascending
computer	computer
punishing	teaching
car	fun
bedroom	sleeping
singing	lamenting
cord	tie
kite	flying
secretary	help
reception	eating
fiddle	plucking
bomb	defusing
plain	farming
neighbor	help
trix	kids
forgiving	friendship
freezer	freeze
letter	greet
horse	ride
thinking	projects
dishes	cook
handgun	murder
pool	play
ice	cold
socialising	friends
moisturizer	c
cooking	eating
mug	hold
hammer	whack
pool	gamble
punishing	vengance
bomb	war
brain	think
house	shelter
dollar	shopping
loli	pornography
voice	singing
john	shitting
telephone	communicate
ice	cooling
wrestling	enjoyment
candle	celebrations
freeway	speeding
knife	digging
show	enjoyment
paint	painting
running	pleasure
tooth	crushing
sun	energy
theatre	war
dragon	killing
highway	traveling
lying	deception
board	bilding
machine	print
show	audience
spirit	drinking
brother	pestering
harp	playing
motel	rest
refill	liqour
motorway	driving
puzzle	entertainment
metal	make
number	orginization
brook	fish
restaurant	relaxing
wing	bug
hill	climbing
river	transportation
stall	deficate
hair	brushing
pot	storage
soldier	fight
friend	forgiving
canvas	paint
courthouse	judges
museum	research
desk	writing
clarinet	selling
election	choosing
lies	confuse
pill	medication
mouth	frowning
turnstile	counting
parkway	driving
remembering	relating
castle	kings
stool	resting
surfing	fun
sword	cutting
body	walking
lying	misguiding
fortune	investing
oven	baking
letter	communication
performing	singers
animal	food
school	shelter
condom	contraception
bed	sex
dreaming	enlightenment
lying	resting
silk	slips
bullet	killing
egg	scrambling
church	reminded
system	retrieve
leg	walking
linen	comfort
disk	storage
rag	cleaning
membrane	filtration
baritone	singing
moon	romance
sound	communicate
projectile	throwing
jewelry	wearing
dancing	socializing
smoking	losers
faucet	water
knife	engraving
dustbin	rubbish
kissing	lovers
town	living
chair	seat
cannonball	shoot
mouth	kiss
color	attraction
landmark	orientation
nose	piercing
mandolin	music
horse	horsemeat
art	enjoyment
cabriolet	drive
monument	commemorating
hair	fur
album	sell
sex	procreation
painting	improving
industry	manufacturing
paranoids	litigation
gymnasium	exercise
computer	work
mandolin	tuning
killing	duty
monument	recognition
pouch	diamonds
knife	separating
stairs	sitting
bread	sandwiches
cannon	war
computer	solving
fruit	paring
feet	walk
grab	use
aisle	walking
note	melody
performing	entertainment
president	leadership
stove	cooking
bag	transport
pond	fish
thinking	entertainment
patio	cookouts
pillow	sleeping
bike	transport
bottle	hold
wrestling	sumo
temple	worshipping
book	encouragement
guitar	music
analysing	understanding
rod	strength
ocean	sail
war	control
bed	resting
playing	excercise
vinyl	covering
dancing	entertainment
channel	view
copulating	reproduction
xanax	anxiety
reproducing	adding
tile	art
lock	protection
yoyo	sleeping
knife	peeling
traveling	relaxation
passageway	traversing
banana	eating
bell	ring
crutch	person
tv	watching
card	credit
cannonball	warfare
store	shopping
prison	punishment
working	creating
alto	sing
level	building
music	relax
pail	defecation
clothes	expression
counter	eating
satchel	packaging
thanking	formality
computers	entertain
hat	waving
card	games
harmonica	entertainment
dancing	professionals
pencil	scribbling
bay	swimming
textile	carpets
hall	functions
helicopter	travel
bathing	cleanliness
surprising	birthday
dog	breeding
bill	communicating
memorising	remenbering
hiking	adventure
movie	viewing
quartz	gardens
seatbelt	safety
salt	food
bassoon	music
pool	drinking
queen	country
disease	killing
expressway	driving
cash	bribe
can	kicking
bass	playing
drinking	taste
ticket	speeding
cat	companionship
bay	fishing
child	loving
pub	socializing
razor	shaving
resting	dreaming
dog	companionship
books	educate
tweed	trousers
knot	fastener
books	reading
party	reunions
eye	crying
grill	barbecue
mill	crushing
staples	paper
cover	sealing
finger	goosing
bungalow	live
witch	burning
pub	celebrating
pew	prey
crossroads	intersection
court	justice
cake	birthday
lady	gentleman
wings	eating
sleeping	resting
bass	nourishment
spoon	eating
stairwell	climbing
instrument	tool
knife	boning
surfing	kids
knife	scuffing
bathroom	pooping
needle	sewing
nylon	stockings
brake	stop
memorising	remembering
alcohol	intoxication
gold	cpu
deoderant	wearing
basket	include
pike	pulling
university	cooperation
hole	black
emotion	feeling
stockmen	riding
room	furniture
driveway	pickup
bidet	amusement
statue	honour
lying	tricking
apparatus	work
thinking	adapting
soldier	combat
copulating	sex
heart	pumping
file	file
memorising	plays
menu	customer
college	teaching
language	communication
mayor	council
government	oppression
restaurant	guests
observation	psychoanalyze
cloth	clothing
cemetery	remembering
knife	scraping
knife	slicing
meat	eating
cord	tying
performing	actresses
baths	cleaning
oxycontin	pain
greeting	welcome
machine	fly
cake	wedding
stage	performances
bar	drinking
punching	recreation
lip	pleasure
blanketing	warmth
wing	aerodynamics
chocolate	eating
story	enjoying
anime	entertainment
parlor	meeting
knife	shaving
phone	communicating
scenery	watch
fruit	decoration
home	living
playing	recreation
bow	tie
seat	reclining
bookshelf	bookends
filter	purify
revolver	protection
singing	celebrating
snowflake	snowballs
turnpike	driving
wrestling	fun
stiletto	kill
procreating	reproducing
wing	plane
chest	storage
cream	skin
fabric	clothing
house	decorating
book	entertainment
leader	following
chapel	weddings
captain	sailing
voice	shouting
scale	measure
mine	destruction
science	research
brother	loving
skiing	sport
cat	petting
lying	manipulation
church	praying
skiing	exercise
statement	communicating
refuse	burning
satchel	things
spirit	celebrate
bathing	cleansing
tripod	stability
urinating	relief
nose	breathe
bin	rubbish
bookshop	browse
thinking	geussing
altar	sacrifices
gin	drinking
dancing	celebration
line	fish
bagpipes	music
success	help
wall	privacy
stereo	playing
bath	washing
neighbor	avoiding
valley	rivers
indexes	reference
cover	protection
overflow	floods
perfume	perfume
spite	anger
shoe	fashion
boat	travelling
books	teach
thinking	fun
game	participating
celebrating	partying
machine	manufacture
pistol	fire
room	residing
marker	writing
sign	advertising
sofa	comfort
grooming	chimpanzees
hair	combing
armor	protection
broom	sweeping
stylus	palms
shoe	wearing
dynamite	excvate
container	organization
gas	light
organ	play
pistol	practise
stepladder	climb
pain	hurt
person	loving
kissing	soothing
knife	stab
drill	cut
material	build
stove	cook
theatre	audiences
finger	smear
world	society
sound	communicating
spoon	eat
highway	trucks
can	storage
science	astronomy
system	organization
weapon	kill
pan	cooking
attic	boxes
bath	fill
bomb	bombard
mat	sleep
column	decoration
clock	timing
story	telling
apple	computing
ranch	cattle
stick	beating
fiddling	television
classroom	education
brother	friendship
knife	scoring
sleeping	regeneration
board	build
cargo	smuggling
statue	memorial
pouch	holding
breathing	living
sky	moon
traveling	fun
ink	tatooing
money	saving
ocean	kayaking
surfing	enjoyment
line	definition
literature	read
pool	viewing
lid	covering
rug	warmth
house	dolls
cloud	oscure
computer	play
rule	understanding
couch	relaxing
heart	love
hole	water
pipes	smoke
coast	pirating
tail	way
boat	sailing
playing	enjoyment
keyboard	type
thinking	sorting
learning	money
temple	praying
bean	nutrition
lake	recreation
crutch	help
awaking	protection
bungalow	sleeping
entertaining	networking
armchair	reading
muscle	move
punishing	deterrence
beanbag	tossing
shadow	shade
mat	exercise
bed	sleep
relaxing	idling
ink	dyeing
castanets	rhythm
castle	touring
oboe	practicing
makeup	beautify
garbage	landfill
climbing	exercise
machine	combine
saxhorn	play
cannonball	cannon
mouth	speaking
mineral	health
mast	transmitting
mast	sailing
pad	rockets
punching	punishment
restaurant	partying
temple	worship
knife	stabbing
horn	warnings
knife	breaking
killing	criminals
idolatry	ignorance
cogitating	thinkers
towel	modesty
hotel	lodging
steakhouse	eating
sofabed	convenience
bath	relaxation
cavity	fill
aircraft	land
hammer	building
diamond	cutting
bat	fun
mill	flour
perfume	aroma
box	accommodate
razor	cut
file	smoothness
ring	wearing
church	quiet
student	homework
wrestling	play
communicating	talking
lens	cameras
logic	reasoning
sun	heat
machine	fold
bats	flying
literature	illustrate
child	learning
marker	drawing
saucepan	saute
bicycle	ride
surprising	scaring
hotel	conferences
piano	music
vessel	containing
net	badminton
alley	deliveries
match	fire
tooth	piercing
card	identification
museum	learning
learning	dogs
spirit	haunting
sex	recreation
writing	humor
horn	jazz
yard	playing
channel	watching
ribbon	beauty
article	reading
explosive	bombs
scale	weighing
ball	bowling
house	family
boat	fishing
sleeping	rest
falling	fools
tool	correcting
sushi	eating
weapon	competition
paper	books
rifle	war
curtain	privacy
award	acheivement
beggers	recieving
triangle	geometry
success	winning
school	meeting
means	help
bookshelf	mementos
boat	traveling
entertaining	parties
bike	commuting
church	weddings
banjo	tuning
drinking	thirst
painting	decoration
resting	regrouping
getting	acquiring
coast	fishing
knife	scratching
club	weapon
mailbox	letters
bomb	disposal
sink	washing
mountain	climb
bus	travel
street	walking
net	basketball
friend	confiding
mailbox	communication
lock	fasten
armchair	sitter
wool	clothes
saloon	cowboys
sleeping	babies
silicone	glue
knife	carving
stone	weapon
mayor	leadership
wagon	traveling
woods	deer
den	working
mouth	mastication
copulating	insemination
farmland	farming
bulb	bloom
glass	hold
weapon	punishment
cafe	lunch
duck	eat
ball	bouncing
bread	baking
movie	fantasize
den	hybernation
swimming	fish
spirit	breaking
meat	nourishment
grenade	murder
sky	atmosphere
fur	insulating
mayor	help
dying	recoloring
leather	belts
moon	mystery
pager	communication
pike	eating
lens	magnification
animal	companionship
table	furniture
motorcycle	ride
scale	ranking
pistol	coach
queen	rule
sound	alerting
beam	support
voice	whispering
art	education
toy	entertainment
wings	flying
skyscraper	residences
cave	home
eye	vision
weapon	killing
druggies	crime
skiing	fun
child	teaching
tickling	sensation
bugle	music
aol	jackasses
backyard	garden
landmark	learn
learning	everyone
machine	dump
entertaining	business
skillet	cook
check	paying
shower	showering
stool	climbing
taxiway	planes
copulating	couples
equipment	perform
harp	angels
tile	kitchen
camera	picture
hallway	entrance
hospital	healed
person	friend
getting	having
mug	drinker
competing	motivating
fist	hitting
trombone	jazz
nightclub	drinking
killing	justice
river	fishing
detector	detect
ear	hearning
plastic	cups
pavement	hitting
rule	consistency
attribute	identification
letter	spell
soldier	fighting
weapon	aggression
yoyo	entertainment
remembering	comparing
reproducing	copying
computer	calculations
snowflake	decoration
discothque	socialising
needle	stitching
doctor	healing
fabric	sails
thinking	praying
pistol	shoot
roadway	motorbikes
helicopter	fly
phone	talking
wheel	car
thinking	pondering
city	commerce
nose	picking
knitting	relaxation
dish	food
punishing	judgemental
sex	procresation
text	explaining
music	entertainment
nuns	nunneries
cloth	covering
pain	pleasure
leader	respecting
computer	entertainment
remembering	happiness
table	dinner
airpalne	transport
forklift	lift
grasper	grab
net	tennis
mortar	masonry
advertisement	educate
amphitheatre	concerts
stop	stop
painting	art
street	automobiles
wing	fly
child	cuddling
lake	fun
doctor	diagnose
can	beer
cottage	vacation
fridge	refrigeration
knot	tie
thinking	imaginging
entranceway	entering
forklift	driving
machine	cook
fruit	consumption
pond	fishing
shore	surfing
pretending	deception
beanbag	relaxing
system	doing
wing	raise
money	corrupt
yacht	cruise
lip	pouring
notepad	doodle
dollar	spending
studying	learning
cigarette	torture
clavichord	music
tv	relaxation
boat	transport
facsimile	transcript
thunderbolt	strike
handle	pulling
soprano	choir
cleaver	cutting
comforter	snuggling
rope	climbing
chest	play
hair	wigs
kitchen	cooking
mortar	plastering
horn	music
jogging	exercising
bureau	keepsakes
bagpipes	play
fur	insulation
labeler	labeling
cubicle	storage
button	pin
lake	windsurfing
landmark	visiting
sleeping	relaxation
eating	digestion
marble	games
accommodation	shower
storm	flooding
story	entertain
saxophone	musician
student	teaching
silicone	adhering
canoe	fun
projectile	launching
screwdriver	pry
lying	deceiving
remembering	learning
wing	bird
cigaratte	smoking
classroom	congregating
bathtub	bathing
graveyard	burial
head	hats
needle	injections
copulating	pleasure
handle	carry
skating	fun
tenor	singing
hotel	sleeping
house	comfort
chain	chain
metal	machining
dancing	ceremony
rowboat	rowing
cube	play
stairwell	descend
wine	storing
foot	wlaking
accommodation	sleep
wagon	transporting
farecard	travel
world	terraform
cymbal	banging
egg	breed
town	commerce
fiddle	entertaining
mouth	singing
forklift	warehouse
socialising	schmoozing
ball	hitting
mezzanine	smoke
freeway	driving
flies	records
planes	flying
walking	pleasure
bicycle	welding
pew	praying
breathing	meditating
running	competition
gate	opening
gentleman	lady
keyboard	communicating
resting	dreams
student	school
tap	water
tent	camping
performing	actors
skill	safety
grill	cook
heater	heatr
gel	lubrification
fiddling	fiddler
bishop	chess
gun	shooting
playing	excersize
puzzle	learning
plastic	plexiglass
thoroughfare	traffic
cream	soothe
quill	write
box	pretending
pistol	concentrate
stadium	sports
traveling	entertainment
lane	bowling
river	rafting
tooth	trophy
thanking	gratitude
explosive	explote
bathroom	peeing
kingdom	conquor
soap	bath
clip	dogs
explosive	move
faith	trust
oilcloth	raincoats
bird	watching
harp	melody
stream	rafting
shovel	digging
curtain	dark
arrow	shoot
doll	decoration
leg	hold
talking	working
theatre	conferences
restaurant	eating
stool	support
animal	race
example	explain
lobby	sit
refuse	recycling
sky	breath
chapel	christening
violin	playing
diamond	attraction
council	meeting
gun	killing
balloon	inflating
listening	lovers
bar	dancing
linoleum	flooring
machine	harvest
landmark	admiring
marble	decorate
people	teach
bureaucrats	bureaucracy
relaxing	bored
punishing	revenge
oboe	fulfillment
knife	lacerating
nylon	hose
vessel	moving
choker	dogs
crutch	hold
projectile	ejecting
sleeping	relaxing
voice	commmunicating
church	learn
revolver	security
stairs	climb
weights	exercise
mortar	war
stick	fuel
cave	refuge
both	color
lady	adore
lips	speaking
supermarket	shopping
cake	eat
chair	reupholstering
fist	puching
earring	adornment
chain	fasten
skiing	relaxation
society	socialising
tin	cookies
university	degree
driveway	parking
penny	saving
ocean	relax
call	communication
lock	privacy
hospital	emergencies
boot	walking
memorising	rehearsing
party	dancing
silk	clothing
smoking	relaxing
thanking	respect
thinking	synthesizing
surprising	fun
grill	cooking
backdrop	play
drill	drilling
compass	navigation
monument	show
divider	seperation
knight	jousting
landing	disembark
coil	rope
remembering	love
castanets	music
monument	visit
saloon	drinking
coin	flipping
toilet	peeing
club	putting
drum	drum
bagpipes	noise
mouse	move
refill	tea
skating	relaxation
button	fastening
thinking	creativity
wing	birds
exercising	health
cake	dessert
minibar	fighting
dancing	flirting
shopping	economics
boulevard	traffic
album	memories
competing	sporting
platform	speak
stone	throw
mouth	smiling
game	winning
literature	pleasure
courtyard	socialize
spout	oil
aircraft	transport
church	worship
forest	timber
gold	decoration
pet	petting
spectacles	wearer
minister	marrage
couch	furnishing
tail	wag
iron	ironing
guns	harm
listening	input
call	communicate
bean	grow
weapon	destruction
storm	raining
classroom	listening
field	ploughing
memorising	reciting
mechanism	work
boat	capsize
banker	loan
needle	harassing
chapel	marrying
place	being
dildo	masturbation
ecology	environmentalists
key	unlocking
knife	gouging
walking	exercise
counter	hold
cider	drinking
soap	clean
dog	playing
lady	sex
restaurant	socializing
weapon	hurting
staple	fastening
jogging	vanity
food	sustenance
keyboards	type
barrel	hold
learning	education
piccolo	playing
couch	sleeping
talking	surviving
oven	cooking
tin	candy
ball	bounce
device	purpose
hoist	lifting
fencing	exercise
stick	hitting
trunk	support
food	hunger
box	presents
wheat	eating
dentures	eating
gel	soap
literature	reading
skiing	enjoyment
rock	hitting
sun	life
church	preaching
housewives	valium
john	urinating
marker	highlighting
lying	cheaters
mill	pulverizing
person	labor
stage	music
terrace	farming
animal	fur
wood	burning
bowl	sugar
sound	listening
thanking	closure
space	storage
cubicle	privacy
telescope	stargaze
plate	holding
curb	roads
university	learn
paper	education
diving	divers
singing	entertaining
writing	communication
refill	replenish
hallway	passage
mast	yatchs
machine	stretch
comb	grooming
revolver	displaying
kissing	kinship
ocean	sailing
passageway	walk
praying	spirit
book	explaining
xylophone	play
arena	gathering
fishing	socializing
fist	punching
hole	planting
kitchen	appliances
apparatus	perform
platform	supporting
machinery	help
bean	planting
cd	archiving
party	politics
jewelry	status
light	illumination
thinking	deducing
horse	companionship
temple	pray
lobby	rest
pistol	reload
playing	squirrels
football	exercising
tower	broadcasting
pepsi	drinking
resting	rejuvination
thinking	understanding
resting	sleeping
rock	throwing
singing	individuals
telephones	communicate
therapist	heal
god	worship
hole	hide
lip	speak
ball	catching
textile	clothing
clip	hairstyles
scene	movie
cup	measuring
cake	party
literature	relaxing
space	occupying
barbecue	cooks
silicone	permanence
bridge	crossing
beverage	drinking
tickling	laughs
shoe	sale
bit	drilling
movie	watching
card	flicking
column	support
machine	mold
boat	fishermen
beam	hold
camera	photograph
expressway	travel
hay	horses
ambulance	transport
running	fun
wing	aircraft
telephone	talking
beanbag	throwing
esc	safety
container	holding
luggage	travelling
pad	crash
sofa	lounging
dog	pet
brook	scenary
book	answers
boundary	limiting
reception	waiting
fishing	fun
leaf	photosynthesis
motorway	travel
parkway	access
drawer	socks
railing	guidance
facsimile	replicate
eating	nurishment
metal	machinery
swimming	relaxation
relaxing	pleasure
highway	commuting
mast	boat
surfing	challenge
entryway	entering
filter	trickle
copulating	procreation
pawn	sacrifice
skating	exercise
silk	boxers
scale	fish
gentleman	g
queen	ruling
playing	competing
sport	playing
bomb	protesting
apartment	dwelling
jeans	wearing
camera	photography
guitar	tuning
muscle	rotation
vacation	fun
thinking	everyone
singing	fun
alley	cats
harmonica	relaxation
mill	dispensing
rollercoaster	fun
sun	see
drug	healing
book	income
candle	burning
kite	fun
advertisement	sell
mouth	breathing
surveillance	blackmailing
divider	sorting
gymnasium	fun
harmonica	celebrate
pad	ink
paper	drawing
monument	remembering
scene	paint
friend	understanding
leg	gangrene
balloon	celebration
skyscraper	shops
bicycle	dismantling
muscle	moving
museum	entertainment
leg	stability
shoe	walking
smoking	relaxation
spirit	religion
baseball	pitching
border	seperation
business	organisation
desk	filing
knife	threatening
finger	pointing
learning	fun
candle	smell
heater	heat
acrylic	art
mouse	operate
phone	calling
lake	sailing
marble	roll
felt	art
reading	understanding
snowflake	percipitation
buying	entertainment
spa	relaxing
vacation	relax
boulevard	walk
temple	prayer
harp	tuning
bomber	detonate
card	business
tail	signaling
saxophone	fun
carpet	flooring
monument	honoring
crayon	coloring
diamond	show
council	decide
coil	hair
tool	purpose
button	fasten
city	businesses
voice	talking
oboe	enjoyment
song	romance
spike	running
noise	warning
falling	drunks
performance	fun
water	washing
thinking	wondering
metal	strength
patio	sunbathing
body	food
cave	darkness
bank	robbing
arena	competition
hat	wearing
carpeting	floors
sky	stars
stop	wait
mast	sailboat
book	enlightenment
den	studying
people	help
jogging	exersize
world	inhabiting
cream	soften
chalk	write
heater	comfort
mouth	speak
pen	writing
lying	deceit
voice	communicate
condominium	sale
kissing	reminding
tablecloth	decoration
tapestry	art
entrance	entering
mast	ship
book	school
paraglider	paraglide
classroom	learning
lens	magnify
machine	amplify
pool	race
toys	amuse
cane	support
bow	archery
analysing	investigating
condom	fuck
necklace	beautiful
oven	roasting
motel	sleeping
platform	speeches
kissing	love
book	education
climbing	ascending
shower	shave
soul	live
sport	watching
gas	heat
swimming	fun
bus	transporation
breathing	respiration
knife	cut
ranch	horses
grenade	explosions
gasoline	cars
laser	light
theatre	performances
rock	decoration
bay	watching
reading	studying
drawer	hiding
fur	pet
song	entertainment
statement	explain
dish	eating
killing	psychopaths
roadway	cars
listening	learning
finger	typing
stylus	pda
communicating	writing
wood	houses
skiing	exersize
desk	write
stream	swimming
connection	talk
eye	viewing
hall	concerts
sky	clouds
boat	skiing
chain	security
present	giving
literature	education
eye	blink
drinks	drinking
hawaii	tourism
den	reading
illness	sinning
motel	relaxing
locomotive	power
breathing	surviving
heater	warming
tree	wood
ferry	transport
creek	water
explosive	kaboom
tapestry	decor
spout	pouring
gel	toothpaste
game	entertainment
gallery	exhibition
insemination	fertilization
knife	fighting
metal	melting
exercising	longevity
memorising	studying
bus	kill
flask	drinking
check	bills
xanax	fun
cave	play
gate	locking
gun	shoot
tooth	straining
bike	riding
tv	advertising
horse	riding
show	fun
story	writing
courtyard	garden
woodwind	play
jar	jar
minister	teach
exercising	fun
fencing	defense
jar	pickles
egg	cooking
studying	remembering
fencing	competiton
toothpick	chewing
court	trials
airplane	transportation
dancing	exercise
wrestling	exercise
aisle	pathway
writing	relaxation
necklace	choke
cash	hoarding
comb	hair
minister	praying
ocean	fishing
copulating	orgasms
film	foil
board	erasing
book	studying
highway	transportation
frisbee	recreation
fishing	competition
prince	honor
sofa	relax
tooth	splitting
computer	homework
bureau	clothing
vessel	navigate
minibar	drink
boat	launching
confetti	celebrating
relaxing	enjoyment
singing	entertainment
study	read
killing	eating
procreating	multiplying
candle	romance
landmark	noticing
toilet	waste
silk	bedsheets
spoon	flinging
learning	growing
stall	read
mug	drinking
bathroom	oblutions
mill	crunch
sky	dream
backyard	playing
runway	airshows
saucer	flying
landmark	viewing
canoe	recreation
art	everyone
wheel	turn
forgiving	compassion
island	gilligan
courtroom	trials
computer	arithmetic
intuition	create
mouth	wistling
weapon	defence
diving	investigating
literature	teaching
lake	fish
science	mathmatics
tub	soaking
skiing	competition
cleaners	dirt
movie	fun
doll	play
road	cross
holdall	luggage
pub	drinking
home	relax
cow	milking
harmonica	humor
fruit	eat
reading	relaxation
slave	working
bedroom	decorating
washcloth	bathing
castanets	dancing
net	containment
muscle	lifting
cream	humidify
running	sport
surfing	surfists
knife	trimming
arrow	target
mac	play
spa	relax
waypoint	navigation
balloon	party
sky	daydreaming
student	university
boat	rowing
sword	fencing
paper	advertising
turnpike	transportation
dreaming	fun
restaurant	eat
snow	christmas
knife	opening
passport	identification
frisbee	play
pool	bathing
refill	orders
airport	airplanes
necklace	vanity
moon	exploration
apple	munching
clock	people
hill	climb
snakes	biting
motorcycle	transportation
cctv	evidence
island	inhabit
reading	pleasure
text	reflection
map	navigating
church	christenings
stadium	running
learning	preparation
staircase	climb
oil	lubricate
seat	comfort
motherboard	electronics
refill	coffee
rug	insulate
space	parking
knife	splitting
viola	music
nose	breathing
clip	holding
garbage	waste
planet	living
radio	communication
corn	planting
glasses	reading
rod	hit
carpet	decoration
oven	burn
backyard	barbecue
string	violin
success	standard
ticket	documentation
mine	destroy
studying	reflection
horn	tooting
album	music
laser	cut
spirit	healing
bowl	hold
farmland	farms
kissing	closeness
whips	discipline
eye	reading
canal	travel
cloth	clean
counter	store
led	electronics
relaxing	unemployed
barbecue	summertime
monument	memorial
tool	building
cleaning	cleanliness
street	transportation
bathroom	primping
ear	earing
river	irrigation
boat	travel
crown	crown
lobby	loiter
space	filling
room	comfort
vehicle	travel
diamond	giving
machine	staple
machine	calculate
memorising	fun
socialising	networking
laser	accuracy
passageway	travel
resting	peace
poem	enlightenment
skating	enjoyment
kettle	water
reproducing	procreating
token	representation
saxophone	band
rock	mining
wheel	tires
basketball	passing
envelope	protect
tool	assisting
gas	fuel
hole	attach
candles	atmosphere
bed	convalesing
accelerator	accelerate
mine	detonate
home	sleep
voice	recording
soldier	killing
stairs	exersice
plastic	make
entertaining	entertainers
wheel	machinery
revolver	firing
trampoline	exercise
detergent	cleaning
buffet	breakfast
billboard	advertisement
ranches	cattle
skipping	exercise
pistol	compete
toilet	poop
celebrating	victory
freeway	travel
motel	resting
barbecue	cook
internet	stalk
judging	judges
cleaning	organization
computer	automation
mirror	reflection
tree	decoration
bag	wearer
mango	salsa
meat	fuel
churchyard	contemplation
motherboard	computers
resting	thinking
judging	justice
necklace	show
balloon	fly
names	identification
art	people
blanket	warmth
painting	leisure
people	worship
porch	socializing
neckwear	adorement
clonazepam	anxiety
knife	parting
ear	adornment
rock	hurling
surface	counter
gold	jewellry
internet	communicate
lying	cheats
chesspiece	winning
cleaning	tidiness
airplanes	travel
mayor	direction
highlighter	studying
vessel	float
chapel	sanctuary
market	shopping
graveyard	flowers
education	learning
doll	fun
snow	children
bookend	books
condom	sex
heat	cooking
coil	hose
arena	gatherings
drawer	store
classroom	teaching
jar	hold
moslems	prayer
kitchenette	cooking
sign	directions
channel	boating
helicopter	transport
soaps	clean
village	playing
tile	bathroom
violin	entertainment
thinking	ai
airplane	flight
science	discovery
door	enter
computer	writing
hall	dancing
piano	listening
secretary	correspondence
stream	bathing
cargo	transport
gymnasium	sports
eye	staring
church	funerals
bidet	hygene
try	attempt
teakettle	whistling
arena	meeting
television	watching
disease	power
butter	flavoring
chair	resting
cheque	buy
machine	entertain
bone	support
yacht	sail
yard	measuring
silk	fingernails
writing	education
steamer	cooking
lock	lock
bread	buttering
school	classes
quill	writing
textbook	learning
room	resting
linen	wearing
grooming	dogs
chest	belongings
delicatessen	sandwiches
church	practice
hair	washing
sleeping	rejuvenating
dancing	fun
equipment	work
pike	poke
needlepoint	relax
armoire	clothes
sky	raining
apple	pie
jogging	entertainment
bass	catching
celebrating	completion
cloth	washing
lens	telescope
auditorium	sing
toothbrush	teeth
reading	learning
try	do
toilet	urinate
disco	dancing
trumpet	fanfare
weapon	attacking
hairbrush	hygeine
future	grow
studying	contemplation
cash	shopping
drugs	medicate
injury	accident
necklace	decorate
kite	playing
tooth	eating
armchair	relaxing
violin	music
child	innocence
music	pleasure
refill	prescriptions
broom	sweep
contralto	singing
page	writing
cushion	comfort
cave	hibernating
jogging	health
ball	rolling
pebble	looking
comforter	babies
pill	headache
pencil	writing
freeway	free
soap	entertainment
dancing	performing
drum	banging
pouch	carry
room	sleep
avenue	travel
brook	babbling
building	inhabitants
punishing	hurting
traveling	enjoyment
arrow	hit
bricks	building
island	recreation
pool	resting
reading	research
king	ruling
lightbulbs	illuminate
cheque	shopping
clip	poodles
life	living
skiing	pleasure
water	bathing
archway	accentuate
entranceway	enter
diving	recreation
fiddling	masterbation
map	navigate
sidewalk	surfing
college	phds
alarm	alarm
punching	revenge
oil	trucks
lights	illuminate
carpet	shampooing
barbecue	dinner
painting	decorating
apple	dessert
food	eating
klonopin	anxiety
reproducing	replicating
tooth	ripping
hiking	health
towel	cleaning
newspapeer	learning
garden	relaxation
minibar	dancing
system	store
tooth	killing
arm	wave
playroom	entertainment
pistol	injuring
faith	worship
stage	plays
captain	leadership
card	deck
quartz	clocks
jewelry	decoration
island	refuge
church	serve
molecule	compounds
sky	fly
shower	relaxing
bar	separate
table	eat
shelf	storage
pencils	writing
gymnasium	classes
tool	work
typing	communication
john	defecating
saw	cut
sky	falling
praying	devout
mill	shaping
voice	communicating
arm	fulcrum
procreating	evolution
thinking	learning
explosive	blast
graveyard	dead
detector	sense
food	pleasure
hiking	fun
skylight	car
soundstage	directors
automobile	travelling
water	cooking
cake	mixing
drum	rhythm
bomb	terror
armchair	seat
lodgings	sleeping
stall	horse
gallery	art
folder	filing
highway	driving
fabric	curtains
brush	painting
wood	trees
book	resource
sex	pleasure
quill	calligraphy
light	light
altar	weddings
machine	incinerate
stall	horses
tweed	loosers
classroom	studying
stream	swim
connection	networks
writing	communicating
hoist	lift
detector	monitor
competing	athletes
island	fish
legs	run
pulpit	preaching
container	washing
mall	eating
canvas	tent
telephones	communication
cooking	relaxation
town	residense
motorway	drive
fabric	upholstery
book	culture
sword	wounding
sword	maiming
banjo	strumming
mall	shopping
hook	hook
lip	suck
science	geology
table	read
study	learning
mug	holding
learning	survival
tooth	masticating
performing	entertaining
lady	fuck
water	wash
microphone	amplify
island	swim
breathing	oxygen
lion	cartoon
mug	filling
auditorium	performing
performance	business
finger	point
apartment	renting
knife	slitting
sand	hourglasses
silk	nighties
soundstage	club
battery	power
hair	warmth
flies	swatting
saddle	riding
spectacles	spectator
contemplating	reflecting
pencil	breaking
show	relaxation
file	store
apartment	parties
kettle	hold
pistol	plink
plane	travel
copulating	fun
restaurant	drinking
diaphragm	breathing
fiddling	music
hammer	hammer
lying	nonsense
machine	measure
thoroughfare	travel
crossroads	turning
voice	remembering
socialising	friendship
cookies	eat
cymbal	percussion
loli	fun
knife	ripping
remembering	reminicing
theatre	demonstration
tub	cleaning
writing	fun
clavichord	playing
library	studying
reality	losers
thinking	deciding
laser	heat
confetti	celebrate
cotton	clothing
rock	kicking
show	entertainment
fireplace	fires
projectile	shooting
film	film
sun	gravity
farecard	traveling
bullet	murdering
cellphone	communication
text	learning
machine	work
harp	relaxation
hostel	sleeping
bagpipes	funerals
meat	marinating
ferry	ferry
note	harmony
fountain	drinking
cigars	enjoy
market	exchanging
reproducing	populating
bathing	washing
toy	playing
school	exercising
sign	orientation
walking	exercising
marijuana	fun
bat	baseball
class	learning
carpeting	insulation
frisbee	throwing
sword	kill
university	learning
trombone	music
hammer	pound
diving	exercise
map	locating
projectile	strike
competing	sports
salon	manicures
place	in
socialising	fun
intestine	digestion
means	goal
hammer	strike
skylight	lighting
studying	growing
bay	boating
bathtub	baths
soprano	harmony
chess	nerds
fiddle	dances
letter	marketing
line	save
river	canoeing
screw	turning
soundstage	actors
landmark	navigate
cogitating	planning
analysing	learning
cello	music
computer	working
paper	origami
getting	keeping
check	pay
pedestal	dictionaries
steak	cooking
string	cello
roadway	traveling
car	racing
bookshop	reading
cigarette	relaxation
sky	birds
stranger	greeting
bullet	kill
room	decorating
cloth	wiping
battery	run
hair	decoration
forgiving	happiness
thoroughfare	transportation
ribbon	adornment
puzzle	challenge
bleach	disinfecting
text	studying
spitting	pigs
file	organize
projectile	hurling
birthday	celebrating
glass	drinking
committee	plan
hat	begging
moisturizer	massages
mailbox	bills
attribute	describe
counter	bathroom
bus	transport
carpet	insulation
sword	stabbing
army	defense
contralto	fun
stage	bands
horn	blowing
walking	transportation
thinking	animals
buying	pleasure
table	dining
choker	decoration
celebrating	satisfaction
horn	communicating
knight	chess
bookshelf	plants
teaspoon	eating
karaoke	fun
machine	lubricate
analysing	describing
pocketknife	whittle
counter	kitchen
crayons	draw
gun	violence
vice	squeeze
chapel	worship
book	guidance
fencing	fun
freeway	cars
running	exersize
show	entertained
disco	dance
sofa	seat
time	think
gas	burping
memorising	learning
viola	entertainment
knowledge	cutting
lion	fable
copulating	animals
internet	research
lawn	weeding
clothes	wearing
basket	yarn
competing	sport
metronome	rhythm
skating	entertainment
canoe	fishing
title	describing
laser	pointing
membrane	protect
projectile	propelling
solicitor	conveyancing
river	swimming
box	store
curtain	darken
card	studying
minibar	beer
cogitating	pondering
hat	uniforms
wing	flight
listening	eavesdropping
clarinet	buying
chapel	praying
twitter	communication
mug	cleaning
cafe	chat
dish	eat
computers	educate
mistake	learning
smoking	chimneys
clothes	dress
mouse	surfing
minibar	sliding
snowflake	sledding
polish	cleaning
office	work
mall	shop
spitting	rednecks
name	identification
tickling	annoying
fabric	rags
fabric	sewing
plumbing	indoors
fan	aerate
cheque	pay
punishing	wrathful
bicycle	entertainment
pistol	duel
snow	shovelling
tooth	tearing
meat	meals
alarm	warn
projectile	catching
battery	charge
stage	play
bread	tearing
marijuana	entertainment
fork	eating
mountain	climbing
dog	love
writing	communicate
rock	gravel
painting	growth
walking	children
stream	wash
token	payment
acrylic	paint
steak	eating
bungalow	living
counter	counting
dna	convict
wine	drink
hall	meetings
boat	watersports
car	people
shower	washing
door	exit
cloud	weather
spectacles	sight
tooth	griding
carafe	pour
baseball	hitting
contemplating	thinking
mill	grinding
firebomb	destuction
city	people
eyeglasses	see
pan	frying
rubber	erasing
earring	decoration
ceiling	cover
cot	sleeping
dollar	saving
fountain	bathing
knife	killing
captain	ship
singing	groups
pistol	shooting
typewriter	typing
world	live
dying	everyone
fur	trapping
well	wishing
getting	possessing
union	excuses
typing	writing
copulating	amusement
market	trading
thruway	driving
telephone	communicating
drum	beat
ship	sailing
handle	gripping
necklace	decoration
scenery	enjoying
satelite	communication
lubricant	lubricate
swimming	exercise
club	dancing
running	excercise
curtain	hide
wine	drinkin
restaurant	dining
freezer	storage
ink	drawing
role	playing
pew	kneeling
stupidity	idiots
apple	eating
facsimile	fax
prosthesis	mobility
den	relax
accommodations	comfort
grill	barbecuing
learning	interest
necklace	adornment
psychologist	counselling
pool	drown
literature	entertainment
cloth	polish
ocean	travel
storm	rain
celebrating	fun
canvas	painting
comb	combing
repetition	reinforce
nylon	parachutes
seat	relax
album	launch
roadway	cyclists
sand	sandblasting
tree	shade
surfing	exercise
steakhouse	date
success	sharing
lawn	barbeques
ledger	accounts
cooks	burns
surfing	sport
sewing	mending
meat	sale
thinking	resolving
astronauts	weightlessness
barn	cows
machine	lift
armoire	fight
motel	people
entranceway	entry
bath	hygiene
book	underlining
mandolin	entertain
punishing	retribution
saloon	fighting
saloon	socialising
highway	speeding
killing	maniacs
machine	seal
writing	entertainment
fingernails	scratch
letter	reading
bomb	kill
alley	bowling
condom	birthcontrol
learning	knowing
brake	fail
envelope	hold
weapon	hurt
silicone	bonding
milk	babies
movie	learn
townhouse	partying
uncle	fun
wings	furling
handgun	threat
club	beating
jeans	utility
killing	revenge
noise	alerting
watch	time
egg	food
box	packing
minister	marry
soldier	guard
thinking	organizing
knife	slashing
box	packaging
diving	fun
weapon	violence
learning	accomplishing
listening	understanding
priest	marry
mayor	govern
yacht	travel
salon	shampoos
saddle	ride
stage	drama
capital	business
hospital	surgery
notebook	writing
song	entertain
engine	work
john	pissing
bill	notification
soprano	song
penis	peeing
spirit	guidence
crutch	patient
harp	music
muscle	flexion
channel	swim
apartment	shelter
art	contemplation
manipulator	manipulate
graveyard	headstones
puzzle	enjoying
playing	pleasure
machine	broadcast
arch	support
fishing	dad
ring	decoration
chair	people
diamond	decoration
locomotive	motion
name	represent
pretending	deceiving
traveling	exploring
room	paint
accordion	fun
minister	preaching
spoon	drinking
mouth	blorking
village	learning
airplane	transport
reading	acculturation
snowflake	skiing
crutch	cripple
books	learn
bookcase	books
lying	deceipt
explosive	demolution
banjo	selling
boulevard	travel
thinking	robots
freeway	transportation
mall	walking
school	children
heater	heating
route	planning
house	entertaining
fingers	type
swimming	pleasure
text	analyzing
cloth	cleaning
john	flushing
stairs	climbing
contemplating	understanding
contemplating	cognition
singing	birds
muscle	eating
monument	remember
silk	shirts
aquarium	attract
clippers	trim
punishing	payback
john	pee
cigarette	burn
scenery	relax
mouth	drinking
sign	direction
milk	drinking
saw	cutting
computer	destructive
floor	walk
remembering	sadness
pill	vitamins
foot	dancing
shirt	covering
shirt	warmth
soldier	protection
theatre	events
firearm	killing
flannel	wear
train	riding
diamond	jewelry
buffet	food
fiberglass	insulation
sea	sailing
spirit	comradship
building	housing
trunk	storage
tweed	hats
busses	transportation
cafe	eating
package	hold
swimming	recreation
potato	eating
lock	close
facsimile	mail
machinery	work
banker	banking
chain	connect
forklift	lifting
school	learn
graveyard	mourners
passage	read
line	geometry
billboard	communication
theater	watching
arm	waving
dog	company
cave	hiding
skiing	thrills
cannabis	pleasure
communicating	negotiation
airplane	fly
call	telephoning
dreaming	fantasizing
makeup	change
knife	gashing
coin	spending
people	labor
road	travelers
canal	holidays
nightclub	toast
horse	breeding
calculator	add
cottage	housing
doorway	safety
gymnasium	excercise
jar	keep
knife	paring
spectacles	correct
doorbell	ring
basket	hold
computer	computing
diving	working
poem	writing
bass	eating
friend	sharing
playroom	children
wound	injury
sleeping	dreaming
performing	singing
bin	hold
bookshelf	photographs
cleaning	sanitation
file	polish
cake	eating
can	soda
knife	dividing
tree	climbing
lion	hunting
island	hide
sidewalk	pedestrians
ball	roll
beam	scan
bowl	grapes
knife	hollowing
nightclub	socialising
playing	socialising
sword	intimidating
fishing	sport
steakhouse	dinner
cogitating	thinking
creature	cuteness
seat	relaxing
arena	concerts
person	help
tree	nuts
salt	survival
playing	learning
smell	connect
pedestal	bibles
newspaper	reading
pouch	tobacco
pool	swiming
drill	bore
tool	build
accelerator	speed
mantra	meditate
alto	computation
stranger	fear
bus	trip
cash	pay
map	orienteering
stone	weight
hole	dirt
ocean	drinking
cloud	dreaming
track	running
computer	calculating
pencil	erasing
salon	makeovers
flat	music
sheet	bed
gel	hair
cotton	threading
hammer	hit
canvas	art
song	sing
cloud	hail
cloud	sleet
statement	sharing
kissing	foreplay
tree	refuge
skin	expire
slave	labor
land	roaming
brook	life
curtain	blind
tenor	sing
pillowcase	decoration
talking	communication
aquarium	house
tree	fruit
punishing	authoritarian
box	carry
key	encryption
line	arrange
leg	humping
leg	stand
socialising	parties
bag	traveler
whining	babies
working	producing
text	study
thinking	people
fruit	cooking
den	hibernating
helping	status
vinyl	wearing
bar	relaxing
muscle	walk
wrestling	amusment
reading	fun
imodium	diarrhoea
superhighway	driving
fire	cook
bullet	wounding
living	enjoyment
statue	imortalize
clothing	advertise
whore	sex
cloud	shade
clarinet	playing
fiddle	bowing
whips	hit
home	shelter
learning	maturing
cannon	battle
lamp	light
harpsichord	music
lying	harming
celebrating	winning
people	work
copulating	procreating
pit	trap
castle	fun
labeler	identification
gallery	exibition
cafe	relaxing
oil	car
necklace	gifts
monument	decoration
line	pickup
fireplace	warmth
sword	sticking
teaspoon	measuring
highway	travel
thinking	deliberating
inference	understanding
machine	perform
tearoom	gossiping
moon	tides
stranger	avoiding
rifle	protection
quartz	watches
kissing	symbolism
knife	piercing
cotton	bedding
leather	tanning
kissing	affection
motorcycle	rush
boulevard	city
literature	learning
shirts	wearing
ears	hearing
bread	consumption
health	everyone
album	hearer
gold	jewelry
toilet	shitting
linoleum	kitchens
net	fishing
bureau	storage
magazines	reading
paper	communication
link	connection
stick	support
brains	think
bay	polluting
buying	consumption
castanets	rythym
horn	honking
notepad	doodling
sun	light
bomb	detonate
handle	lifting
track	races
skyscraper	cities
can	food
smoking	ham
wound	bleeding
relaxing	evening
surprising	shock
bank	robberies
confetti	throwing
clippers	race
couch	furniture
muscle	flexing
bean	cooking
arm	saluting
flirting	dating
magic	entertainment
fishing	relaxation
gymnastics	gymnasts
convicts	boredom
cigarette	smoking
feather	tickling
body	assist
explosive	war
material	making
surfing	thrills
eraser	erasing
typing	fun
knife	untangling
library	discovering
arena	fighting
basket	kittens
eye	looking
shampoo	hair
lens	microscope
platform	presentation
weapon	threatening
chain	secure
refill	soda
dollar	buying
gas	cooking
running	exercise
reception	celebrate
sonar	oceanography
horn	beeping
tongue	tasting
fishing	outdoorsmen
book	impressing
bullet	murder
pistol	train
wood	skis
skin	protectin
carpeting	decoration
weapon	hunting
weapons	threaten
pool	pee
club	beat
saw	sawing
light	sight
ink	marking
religion	weak
kingdom	rule
marker	coloring
page	reading
bureau	sachets
duvet	sleep
baritone	blowing
airplane	cargo
fireplace	decoration
jail	criminals
bicycle	excersize
feather	flight
mirror	reflect
pretending	lying
bleach	whitening
scale	balancing
smoking	contaminate
foot	sprinting
cloth	clothe
eating	life
lips	licking
airplane	warfare
mortar	grinding
airplane	traveling
compact	transport
gas	burning
counter	space
friend	companionship
mug	tea
refuse	speak
ticket	inventory
toy	fun
foot	running
basketball	throw
gift	unexpected
shower	bathing
child	raising
eating	nourishment
soap	smelling
stranger	meeting
bicycle	rush
mouth	yelling
machine	refrigerate
soul	searching
text	stufying
wood	campfires
projectile	hit
flirting	fun
oar	rowing
lying	cowards
moon	eclipsing
razor	slicing
voice	communication
voice	humming
horn	entertainment
coil	snakes
creature	companionship
dancing	pleasure
lighter	ignite
painting	relaxing
sand	beaches
bookshelf	books
explosive	kill
dogma	tyrants
ice	chilling
armchair	resting
tree	climb
sky	admire
hole	entry
barbershop	shaving
cake	birthdays
jeans	fashion
level	measurement
story	entertainment
water	drown
column	vehicles
cup	hold
gas	farting
saxophone	blowing
snow	shoveling
wind	windsurfing
ball	play
caliper	measuring
gift	please
knife	notching
churchyard	headstones
knife	butter
saloon	beer
animal	petting
gun	kill
people	exploitation
rulers	measure
procreating	fun
felt	break
salsa	fun
rug	carpet
vacation	entertainment
highway	drive
garage	woodworking
bomber	launch
