/r/Causes	/c/en/adultery	/c/en/rage	1.0
/r/Causes	/c/en/affair	/c/en/divorce	1.0
/r/Causes	/c/en/affair	/c/en/scandal	2.0
/r/Causes	/c/en/affect/v/wn/emotion	/c/en/feel/v/wn/emotion	2.0
/r/Causes	/c/en/affix/v/wn/contact	/c/en/adhere/v/wn/contact	2.0
/r/Causes	/c/en/age/v/wn/change	/c/en/senesce/v/wn/change	2.0
/r/Causes	/c/en/ageing	/c/en/wrinkles	1.0
/r/Causes	/c/en/agonize/v/wn/emotion	/c/en/agonize/v/wn/emotion	2.0
/r/Causes	/c/en/alarm/n/wn/artifact	/c/en/danger/n/wn/state	2.0
/r/Causes	/c/en/alcohol	/c/en/amnesia	1.0
/r/Causes	/c/en/alcohol	/c/en/drunkenness	2.0
/r/Causes	/c/en/alcohol	/c/en/hangover	1.0
/r/Causes	/c/en/alcoholism	/c/en/stigma	1.0
/r/Causes	/c/en/ambulance/n/wn/artifact	/c/en/injury/n/wn/state	2.0
/r/Causes	/c/en/analysing	/c/en/change	1.0
/r/Causes	/c/en/analysing	/c/en/confusions	1.0
/r/Causes	/c/en/analysing	/c/en/enlightened	1.0
/r/Causes	/c/en/analysing	/c/en/headache	1.0
/r/Causes	/c/en/analysing	/c/en/insight	1.0
/r/Causes	/c/en/analysing	/c/en/knowledge	1.0
/r/Causes	/c/en/analysing	/c/en/tension	1.0
/r/Causes	/c/en/analysing	/c/en/thinking	1.0
/r/Causes	/c/en/analysing	/c/en/understanding	2.828
/r/Causes	/c/en/anger/v/wn/emotion	/c/en/anger/v/wn/emotion	2.0
/r/Causes	/c/en/argument	/c/en/violence	1.0
/r/Causes	/c/en/arousal	/c/en/ejaculation	1.0
/r/Causes	/c/en/asking	/c/en/answering	1.0
/r/Causes	/c/en/assemble/v/wn/social	/c/en/meet/v/wn/social	2.0
/r/Causes	/c/en/attach/v/wn/contact	/c/en/attach/v/wn/contact	2.0
/r/Causes	/c/en/awaking	/c/en/alertness	1.0
/r/Causes	/c/en/awaking	/c/en/annoyance	1.0
/r/Causes	/c/en/awaking	/c/en/depression	2.828
/r/Causes	/c/en/awaking	/c/en/discomfort	2.0
/r/Causes	/c/en/awaking	/c/en/ensomia	1.0
/r/Causes	/c/en/awaking	/c/en/headache	1.0
/r/Causes	/c/en/awaking	/c/en/irritability	1.0
/r/Causes	/c/en/awaking	/c/en/shock	1.0
/r/Causes	/c/en/awaking	/c/en/tiredness	1.0
/r/Causes	/c/en/awaking	/c/en/yawning	1.0
/r/Causes	/c/en/back/v/wn/motion	/c/en/back/v/wn/motion	2.0
/r/Causes	/c/en/bacteria	/c/en/stink	1.0
/r/Causes	/c/en/bag/n/wn/artifact	/c/en/travel/n/wn/act	2.0
/r/Causes	/c/en/bathing	/c/en/clean	4.472
/r/Causes	/c/en/bathing	/c/en/cleanliness	3.464
/r/Causes	/c/en/bathing	/c/en/nudity	2.0
/r/Causes	/c/en/beer	/c/en/drunkenness	1.0
/r/Causes	/c/en/begin/v/wn/change	/c/en/begin/v/wn/stative	2.0
/r/Causes	/c/en/belief	/c/en/trust	1.0
/r/Causes	/c/en/bethink/v/wn/perception	/c/en/study/v/wn/perception	2.0
/r/Causes	/c/en/better/v/wn/change	/c/en/better/v/wn/change	2.0
/r/Causes	/c/en/bigotry	/c/en/hatred	1.0
/r/Causes	/c/en/bilge/v/wn/change	/c/en/bilge/v/wn/change	2.0
/r/Causes	/c/en/birthday	/c/en/party	1.0
/r/Causes	/c/en/bloat/v/wn/change	/c/en/bloat/v/wn/change	2.0
/r/Causes	/c/en/blur/v/wn/change	/c/en/blur/v/wn/change	2.0
/r/Causes	/c/en/boil/v/wn/change	/c/en/boil/v/wn/change	2.0
/r/Causes	/c/en/boring	/c/en/suicide	1.0
/r/Causes	/c/en/bounce/v/wn/possession	/c/en/bounce/v/wn/possession	2.0
/r/Causes	/c/en/break/v/wn/contact	/c/en/break/v/wn/contact	2.0
/r/Causes	/c/en/break/v/wn/stative	/c/en/break/v/wn/stative	2.0
/r/Causes	/c/en/breathing	/c/en/breathtaking	1.0
/r/Causes	/c/en/breathing	/c/en/caughing	1.0
/r/Causes	/c/en/breathing	/c/en/choking	1.0
/r/Causes	/c/en/breathing	/c/en/coughing	1.0
/r/Causes	/c/en/breathing	/c/en/exhale	1.0
/r/Causes	/c/en/breathing	/c/en/hyperventilation	1.0
/r/Causes	/c/en/breathing	/c/en/life	2.0
/r/Causes	/c/en/breathing	/c/en/living	2.828
/r/Causes	/c/en/breathing	/c/en/pain	1.0
/r/Causes	/c/en/breathing	/c/en/relaxation	2.0
/r/Causes	/c/en/broaden/v/wn/change	/c/en/broaden/v/wn/change	2.0
/r/Causes	/c/en/bubble/v/wn/change	/c/en/bubble/v/wn/change	2.0
/r/Causes	/c/en/bulge/v/wn/change	/c/en/bulge/v/wn/change	2.0
/r/Causes	/c/en/burn/v/wn/weather	/c/en/burn/v/wn/change	2.0
/r/Causes	/c/en/burping	/c/en/embarassment	1.0
/r/Causes	/c/en/buying	/c/en/broke	1.0
/r/Causes	/c/en/buying	/c/en/debt	1.0
/r/Causes	/c/en/buying	/c/en/getting	1.0
/r/Causes	/c/en/buying	/c/en/grief	1.0
/r/Causes	/c/en/buying	/c/en/haveing	1.0
/r/Causes	/c/en/buying	/c/en/ownership	2.0
/r/Causes	/c/en/cabbage	/c/en/gas	1.0
/r/Causes	/c/en/caffiene	/c/en/nervousness	1.0
/r/Causes	/c/en/call/v/wn/social	/c/en/meet/v/wn/social	2.0
/r/Causes	/c/en/cancer	/c/en/death	2.828
/r/Causes	/c/en/car	/c/en/pollution	1.0
/r/Causes	/c/en/carelessness	/c/en/accidents	1.0
/r/Causes	/c/en/carelessness	/c/en/injury	1.0
/r/Causes	/c/en/celebrating	/c/en/drinking	1.0
/r/Causes	/c/en/celebrating	/c/en/drunkeness	1.0
/r/Causes	/c/en/celebrating	/c/en/drunkenness	1.0
/r/Causes	/c/en/celebrating	/c/en/enjoyment	1.0
/r/Causes	/c/en/celebrating	/c/en/hangover	2.0
/r/Causes	/c/en/celebrating	/c/en/hangovers	1.0
/r/Causes	/c/en/celebrating	/c/en/happiness	1.0
/r/Causes	/c/en/celebrating	/c/en/headaches	1.0
/r/Causes	/c/en/celebrating	/c/en/intimacy	1.0
/r/Causes	/c/en/celebrating	/c/en/joy	2.828
/r/Causes	/c/en/celebrating	/c/en/party	2.0
/r/Causes	/c/en/celebrating	/c/en/riots	1.0
/r/Causes	/c/en/censorship	/c/en/blindness	1.0
/r/Causes	/c/en/change/v/wn/change	/c/en/change/v/wn/change	2.0
/r/Causes	/c/en/cheer	/c/en/happiness	1.0
/r/Causes	/c/en/cheer/v/wn/communication	/c/en/cheer/v/wn/communication	2.0
/r/Causes	/c/en/chickens	/c/en/eggs	1.0
/r/Causes	/c/en/choke/v/wn/body	/c/en/choke/v/wn/body	2.0
/r/Causes	/c/en/cigarette	/c/en/fire	1.0
/r/Causes	/c/en/circulate/v/wn/motion	/c/en/circulate/v/wn/motion	2.0
/r/Causes	/c/en/cleaning	/c/en/allergies	1.0
/r/Causes	/c/en/cleaning	/c/en/health	1.0
/r/Causes	/c/en/cleaning	/c/en/injury	1.0
/r/Causes	/c/en/cleaning	/c/en/neatness	2.0
/r/Causes	/c/en/cleaning	/c/en/tidyness	1.0
/r/Causes	/c/en/click/v/wn/cognition	/c/en/understand/v/wn/cognition	2.0
/r/Causes	/c/en/climbing	/c/en/accomplishment	1.0
/r/Causes	/c/en/climbing	/c/en/ascending	1.0
/r/Causes	/c/en/climbing	/c/en/blisters	1.0
/r/Causes	/c/en/climbing	/c/en/exhaustion	1.0
/r/Causes	/c/en/climbing	/c/en/exhilaration	1.0
/r/Causes	/c/en/climbing	/c/en/fall	2.828
/r/Causes	/c/en/climbing	/c/en/falling	1.0
/r/Causes	/c/en/climbing	/c/en/sweating	1.0
/r/Causes	/c/en/climbing	/c/en/vertigo	2.0
/r/Causes	/c/en/clink/v/wn/perception	/c/en/tinkle/v/wn/perception	2.0
/r/Causes	/c/en/close/v/wn/contact	/c/en/close/v/wn/contact	2.0
/r/Causes	/c/en/coerce/v/wn/social	/c/en/act/v/wn/social	2.0
/r/Causes	/c/en/coffee	/c/en/insomnia	1.0
/r/Causes	/c/en/coffin/n/wn/artifact	/c/en/death/n/wn/event	2.0
/r/Causes	/c/en/cogitating	/c/en/decision	1.0
/r/Causes	/c/en/cogitating	/c/en/enlightenment	1.0
/r/Causes	/c/en/cogitating	/c/en/headache	1.0
/r/Causes	/c/en/cogitating	/c/en/headaches	1.0
/r/Causes	/c/en/cogitating	/c/en/thought	1.0
/r/Causes	/c/en/cohere/v/wn/stative	/c/en/cohere/v/wn/stative	2.0
/r/Causes	/c/en/cold	/c/en/shivers	2.0
/r/Causes	/c/en/collaboration	/c/en/progress	1.0
/r/Causes	/c/en/collapse/v/wn/motion	/c/en/collapse/v/wn/motion	2.0
/r/Causes	/c/en/communicating	/c/en/collaboration	1.0
/r/Causes	/c/en/communicating	/c/en/confusion	2.0
/r/Causes	/c/en/communicating	/c/en/learning	1.0
/r/Causes	/c/en/communicating	/c/en/missunderstanding	1.0
/r/Causes	/c/en/communicating	/c/en/misunderstanding	2.0
/r/Causes	/c/en/communicating	/c/en/misunderstandings	2.0
/r/Causes	/c/en/communicating	/c/en/progress	1.0
/r/Causes	/c/en/communicating	/c/en/response	1.0
/r/Causes	/c/en/communicating	/c/en/static	1.0
/r/Causes	/c/en/communicating	/c/en/understanding	2.828
/r/Causes	/c/en/compel/v/wn/social	/c/en/act/v/wn/social	2.0
/r/Causes	/c/en/competing	/c/en/accomplishment	1.0
/r/Causes	/c/en/competing	/c/en/aggression	1.0
/r/Causes	/c/en/competing	/c/en/anger	2.0
/r/Causes	/c/en/competing	/c/en/argument	1.0
/r/Causes	/c/en/competing	/c/en/competition	1.0
/r/Causes	/c/en/competing	/c/en/contest	1.0
/r/Causes	/c/en/competing	/c/en/death	1.0
/r/Causes	/c/en/competing	/c/en/defeat	1.0
/r/Causes	/c/en/competing	/c/en/enemies	2.828
/r/Causes	/c/en/competing	/c/en/exhilirating	1.0
/r/Causes	/c/en/competing	/c/en/exhilleration	1.0
/r/Causes	/c/en/competing	/c/en/failing	1.0
/r/Causes	/c/en/competing	/c/en/hatred	2.0
/r/Causes	/c/en/competing	/c/en/jealousy	2.0
/r/Causes	/c/en/competing	/c/en/lose	1.0
/r/Causes	/c/en/competing	/c/en/pressure	1.0
/r/Causes	/c/en/competing	/c/en/rivalry	1.0
/r/Causes	/c/en/competing	/c/en/stress	1.0
/r/Causes	/c/en/competing	/c/en/sweat	1.0
/r/Causes	/c/en/competing	/c/en/tension	1.0
/r/Causes	/c/en/competing	/c/en/winning	1.0
/r/Causes	/c/en/competing	/c/en/wins	2.828
/r/Causes	/c/en/complaining	/c/en/change	1.0
/r/Causes	/c/en/contemplating	/c/en/action	2.828
/r/Causes	/c/en/contemplating	/c/en/deciding	1.0
/r/Causes	/c/en/contemplating	/c/en/discovery	1.0
/r/Causes	/c/en/contemplating	/c/en/enlightenment	1.0
/r/Causes	/c/en/contemplating	/c/en/headache	1.0
/r/Causes	/c/en/contemplating	/c/en/hesitation	1.0
/r/Causes	/c/en/contemplating	/c/en/insights	2.0
/r/Causes	/c/en/contemplating	/c/en/reflection	1.0
/r/Causes	/c/en/contemplating	/c/en/relaxation	1.0
/r/Causes	/c/en/contemplating	/c/en/revelation	2.0
/r/Causes	/c/en/contemplating	/c/en/revelations	2.0
/r/Causes	/c/en/contemplating	/c/en/thinking	1.0
/r/Causes	/c/en/contemplating	/c/en/understanding	1.0
/r/Causes	/c/en/convert/v/wn/change	/c/en/convert/v/wn/change	2.0
/r/Causes	/c/en/convulse/v/wn/communication	/c/en/convulse/v/wn/body	2.0
/r/Causes	/c/en/cooking	/c/en/burns	1.0
/r/Causes	/c/en/cooking	/c/en/eating	1.0
/r/Causes	/c/en/cooking	/c/en/food	1.0
/r/Causes	/c/en/cooking	/c/en/hunger	1.0
/r/Causes	/c/en/cooking	/c/en/pride	1.0
/r/Causes	/c/en/cooking	/c/en/smells	1.0
/r/Causes	/c/en/cooking	/c/en/smoke	1.0
/r/Causes	/c/en/cooking	/c/en/steam	1.0
/r/Causes	/c/en/cool/v/wn/change	/c/en/cool/v/wn/change	2.0
/r/Causes	/c/en/copulating	/c/en/alimonyu	1.0
/r/Causes	/c/en/copulating	/c/en/appetite	1.0
/r/Causes	/c/en/copulating	/c/en/babies	1.0
/r/Causes	/c/en/copulating	/c/en/cumming	4.0
/r/Causes	/c/en/copulating	/c/en/ejaculation	2.0
/r/Causes	/c/en/copulating	/c/en/impregnation	1.0
/r/Causes	/c/en/copulating	/c/en/infidelity	1.0
/r/Causes	/c/en/copulating	/c/en/odors	1.0
/r/Causes	/c/en/copulating	/c/en/offspring	1.0
/r/Causes	/c/en/copulating	/c/en/overpopulation	1.0
/r/Causes	/c/en/copulating	/c/en/perpiration	1.0
/r/Causes	/c/en/copulating	/c/en/pleasure	2.828
/r/Causes	/c/en/copulating	/c/en/pregnancy	4.472
/r/Causes	/c/en/copulating	/c/en/procreation	1.0
/r/Causes	/c/en/copulating	/c/en/rapport	1.0
/r/Causes	/c/en/copulating	/c/en/reproduction	2.828
/r/Causes	/c/en/cows	/c/en/mooing	1.0
/r/Causes	/c/en/crack/v/wn/chemistry	/c/en/crack/v/wn/chemistry	2.0
/r/Causes	/c/en/crash/v/wn/contact	/c/en/crash/v/wn/contact	2.0
/r/Causes	/c/en/crisis	/c/en/focus	1.0
/r/Causes	/c/en/crown/n/wn/artifact	/c/en/reign/n/wn/state	2.0
/r/Causes	/c/en/crutch/n/wn/artifact	/c/en/injury/n/wn/state	2.0
/r/Causes	/c/en/crying	/c/en/better	1.0
/r/Causes	/c/en/crystallize/v/wn/physics	/c/en/crystallize/v/wn/change	2.0
/r/Causes	/c/en/damage	/c/en/malfunction	2.0
/r/Causes	/c/en/dancing	/c/en/blisters	1.0
/r/Causes	/c/en/dancing	/c/en/euphoria	1.0
/r/Causes	/c/en/dancing	/c/en/exercise	1.0
/r/Causes	/c/en/dancing	/c/en/exhaustion	1.0
/r/Causes	/c/en/dancing	/c/en/exhilerating	1.0
/r/Causes	/c/en/dancing	/c/en/expression	1.0
/r/Causes	/c/en/dancing	/c/en/fatigue	4.472
/r/Causes	/c/en/dancing	/c/en/happiness	1.0
/r/Causes	/c/en/dancing	/c/en/humiliation	1.0
/r/Causes	/c/en/dancing	/c/en/injury	1.0
/r/Causes	/c/en/dancing	/c/en/intercourse	1.0
/r/Causes	/c/en/dancing	/c/en/movement	1.0
/r/Causes	/c/en/dancing	/c/en/stampeeds	1.0
/r/Causes	/c/en/dancing	/c/en/sweat	1.0
/r/Causes	/c/en/darken/v/wn/change	/c/en/darken/v/wn/change	2.0
/r/Causes	/c/en/darkness	/c/en/fear	1.0
/r/Causes	/c/en/dating	/c/en/marriage	1.0
/r/Causes	/c/en/daydreaming	/c/en/accident	1.0
/r/Causes	/c/en/death	/c/en/burial	1.0
/r/Causes	/c/en/death	/c/en/decomposition	1.0
/r/Causes	/c/en/death	/c/en/rebirth	2.828
/r/Causes	/c/en/death	/c/en/sadness	2.0
/r/Causes	/c/en/deceipt	/c/en/distrust	1.0
/r/Causes	/c/en/decide/v/wn/cognition	/c/en/decide/v/wn/cognition	2.0
/r/Causes	/c/en/dehydration	/c/en/death	1.0
/r/Causes	/c/en/dehydration	/c/en/thirst	1.0
/r/Causes	/c/en/demulsify/v/wn/change	/c/en/demulsify/v/wn/change	2.0
/r/Causes	/c/en/depression	/c/en/inactivity	1.0
/r/Causes	/c/en/depression	/c/en/suicide	3.464
/r/Causes	/c/en/desire	/c/en/sin	1.0
/r/Causes	/c/en/detector/n/wn/artifact	/c/en/signal/n/wn/phenomenon	2.0
/r/Causes	/c/en/detector/n/wn/artifact	/c/en/stimulation/n/wn/cognition	2.0
/r/Causes	/c/en/detonate/v/wn/change	/c/en/detonate/v/wn/change	2.0
/r/Causes	/c/en/develop/v/wn/change	/c/en/develop/v/wn/change	2.0
/r/Causes	/c/en/develop/v/wn/change	/c/en/grow/v/wn/change	2.0
/r/Causes	/c/en/direct/v/wn/social	/c/en/act/v/wn/social	2.0
/r/Causes	/c/en/disclose/v/wn/communication	/c/en/break/v/wn/communication	2.0
/r/Causes	/c/en/discolor/v/wn/change	/c/en/discolor/v/wn/change	2.0
/r/Causes	/c/en/disjoin/v/wn/contact	/c/en/disjoin/v/wn/contact	2.0
/r/Causes	/c/en/displease/v/wn/emotion	/c/en/dislike/v/wn/emotion	2.0
/r/Causes	/c/en/dissolve/v/wn/change	/c/en/dissolve/v/wn/change	2.0
/r/Causes	/c/en/diver	/c/en/splash	2.0
/r/Causes	/c/en/diving	/c/en/bends	2.0
/r/Causes	/c/en/diving	/c/en/death	1.0
/r/Causes	/c/en/diving	/c/en/drowning	1.0
/r/Causes	/c/en/diving	/c/en/exhilaration	1.0
/r/Causes	/c/en/diving	/c/en/falling	1.0
/r/Causes	/c/en/diving	/c/en/splashes	1.0
/r/Causes	/c/en/diving	/c/en/splats	1.0
/r/Causes	/c/en/diving	/c/en/underwater	1.0
/r/Causes	/c/en/diving	/c/en/wetness	2.828
/r/Causes	/c/en/dovetail/v/wn/stative	/c/en/fit/v/wn/stative	2.0
/r/Causes	/c/en/dreaming	/c/en/confusion	1.0
/r/Causes	/c/en/dreaming	/c/en/fantasy	2.0
/r/Causes	/c/en/dreaming	/c/en/fear	1.0
/r/Causes	/c/en/dreaming	/c/en/inspiration	1.0
/r/Causes	/c/en/dreaming	/c/en/nightmare	4.0
/r/Causes	/c/en/dreaming	/c/en/nightmares	3.464
/r/Causes	/c/en/dreaming	/c/en/relaxing	1.0
/r/Causes	/c/en/dreaming	/c/en/sleepwalking	1.0
/r/Causes	/c/en/dreaming	/c/en/unsettling	1.0
/r/Causes	/c/en/drench/v/wn/animal	/c/en/drink/v/wn/consumption	2.0
/r/Causes	/c/en/drink	/c/en/intoxication	2.0
/r/Causes	/c/en/drinking	/c/en/drunkenness	1.0
/r/Causes	/c/en/drinking	/c/en/hangover	1.0
/r/Causes	/c/en/drinking	/c/en/headaches	1.0
/r/Causes	/c/en/drinking	/c/en/hydration	2.0
/r/Causes	/c/en/drinking	/c/en/sickness	2.0
/r/Causes	/c/en/drinking	/c/en/stupidity	4.0
/r/Causes	/c/en/drinking	/c/en/swallow	2.828
/r/Causes	/c/en/drinking	/c/en/vomiting	2.0
/r/Causes	/c/en/driving	/c/en/accident	1.0
/r/Causes	/c/en/driving	/c/en/accidents	1.0
/r/Causes	/c/en/driving	/c/en/boredom	1.0
/r/Causes	/c/en/driving	/c/en/deaths	1.0
/r/Causes	/c/en/driving	/c/en/fatigue	1.0
/r/Causes	/c/en/driving	/c/en/injuries	1.0
/r/Causes	/c/en/driving	/c/en/moving	3.464
/r/Causes	/c/en/driving	/c/en/transportation	1.0
/r/Causes	/c/en/drought	/c/en/famine	1.0
/r/Causes	/c/en/drowning	/c/en/death	1.0
/r/Causes	/c/en/drug/v/wn/consumption	/c/en/trip/v/wn/consumption	2.0
/r/Causes	/c/en/dry/v/wn/change	/c/en/dry/v/wn/change	2.0
/r/Causes	/c/en/dying	/c/en/dead	1.0
/r/Causes	/c/en/dying	/c/en/death	2.0
/r/Causes	/c/en/dying	/c/en/decaying	1.0
/r/Causes	/c/en/dying	/c/en/funeral	1.0
/r/Causes	/c/en/dying	/c/en/grief	1.0
/r/Causes	/c/en/dying	/c/en/pain	2.0
/r/Causes	/c/en/dying	/c/en/relief	1.0
/r/Causes	/c/en/dying	/c/en/sadness	1.0
/r/Causes	/c/en/earthquake	/c/en/disaster	1.0
/r/Causes	/c/en/earthquake	/c/en/tsunami	1.0
/r/Causes	/c/en/eating	/c/en/bloating	1.0
/r/Causes	/c/en/eating	/c/en/death	1.0
/r/Causes	/c/en/eating	/c/en/defecating	2.0
/r/Causes	/c/en/eating	/c/en/dyspepsia	1.0
/r/Causes	/c/en/eating	/c/en/feces	1.0
/r/Causes	/c/en/eating	/c/en/gas	2.0
/r/Causes	/c/en/eating	/c/en/heartburn	1.0
/r/Causes	/c/en/eating	/c/en/indigestion	1.0
/r/Causes	/c/en/eating	/c/en/nausea	1.0
/r/Causes	/c/en/eating	/c/en/obesity	1.0
/r/Causes	/c/en/eating	/c/en/reduced	1.0
/r/Causes	/c/en/eating	/c/en/satisfaction	1.0
/r/Causes	/c/en/eating	/c/en/shitting	1.0
/r/Causes	/c/en/effect/v/wn/creation	/c/en/happen/v/wn/change	2.0
/r/Causes	/c/en/eggs	/c/en/chickens	1.0
/r/Causes	/c/en/elate/v/wn/emotion	/c/en/rejoice/v/wn/emotion	2.0
/r/Causes	/c/en/electricity	/c/en/electrocution	1.0
/r/Causes	/c/en/elongate/v/wn/change	/c/en/stretch/v/wn/change	2.0
/r/Causes	/c/en/embarrassment	/c/en/blushing	1.0
/r/Causes	/c/en/embitter/v/wn/emotion	/c/en/resent/v/wn/emotion	2.0
/r/Causes	/c/en/empty/v/wn/change	/c/en/empty/v/wn/change	2.0
/r/Causes	/c/en/emulsify/v/wn/change	/c/en/emulsify/v/wn/change	2.0
/r/Causes	/c/en/encourage/v/wn/emotion	/c/en/hope/v/wn/emotion	2.0
/r/Causes	/c/en/end/v/wn/change	/c/en/end/v/wn/stative	2.0
/r/Causes	/c/en/ending	/c/en/sadness	1.0
/r/Causes	/c/en/engine/n/wn/artifact	/c/en/energy/n/wn/physics	2.0
/r/Causes	/c/en/enrage/v/wn/emotion	/c/en/rage/v/wn/emotion	2.0
/r/Causes	/c/en/entertaining	/c/en/boredom	1.0
/r/Causes	/c/en/entertaining	/c/en/embarassment	1.0
/r/Causes	/c/en/entertaining	/c/en/embarrasment	1.0
/r/Causes	/c/en/entertaining	/c/en/embarrassment	1.0
/r/Causes	/c/en/entertaining	/c/en/entertain	1.0
/r/Causes	/c/en/entertaining	/c/en/fatigue	1.0
/r/Causes	/c/en/entertaining	/c/en/favors	1.0
/r/Causes	/c/en/entertaining	/c/en/fulfillment	1.0
/r/Causes	/c/en/entertaining	/c/en/gratification	1.0
/r/Causes	/c/en/entertaining	/c/en/happiness	2.828
/r/Causes	/c/en/entertaining	/c/en/happy	2.0
/r/Causes	/c/en/entertaining	/c/en/laugh	1.0
/r/Causes	/c/en/entertaining	/c/en/laughter	3.464
/r/Causes	/c/en/entertaining	/c/en/like	1.0
/r/Causes	/c/en/evacuate/v/wn/motion	/c/en/move/v/wn/motion	2.0
/r/Causes	/c/en/even/v/wn/change	/c/en/even/v/wn/change	2.0
/r/Causes	/c/en/exercise	/c/en/fitness	2.828
/r/Causes	/c/en/exercise	/c/en/injury	2.0
/r/Causes	/c/en/exercise	/c/en/sweat	8.944
/r/Causes	/c/en/exercise	/c/en/sweating	1.0
/r/Causes	/c/en/exercise	/c/en/thirst	1.0
/r/Causes	/c/en/exercise/v/wn/body	/c/en/exercise/v/wn/body	2.0
/r/Causes	/c/en/exercising	/c/en/breathing	1.0
/r/Causes	/c/en/exercising	/c/en/breathlessness	1.0
/r/Causes	/c/en/exercising	/c/en/exhaustion	1.0
/r/Causes	/c/en/exercising	/c/en/fatigue	2.0
/r/Causes	/c/en/exercising	/c/en/fitness	1.0
/r/Causes	/c/en/exercising	/c/en/improve	1.0
/r/Causes	/c/en/exercising	/c/en/pain	1.0
/r/Causes	/c/en/exercising	/c/en/relaxation	2.0
/r/Causes	/c/en/exercising	/c/en/sweat	1.0
/r/Causes	/c/en/exercising	/c/en/tiredness	2.828
/r/Causes	/c/en/exercize	/c/en/tiredness	1.0
/r/Causes	/c/en/explosion	/c/en/death	1.0
/r/Causes	/c/en/explosion	/c/en/destruction	1.0
/r/Causes	/c/en/faith	/c/en/action	1.0
/r/Causes	/c/en/faithfulness	/c/en/trust	1.0
/r/Causes	/c/en/falling	/c/en/injuries	5.657
/r/Causes	/c/en/falling	/c/en/injury	5.657
/r/Causes	/c/en/falling	/c/en/lacerations	1.0
/r/Causes	/c/en/falling	/c/en/landing	1.0
/r/Causes	/c/en/falling	/c/en/pain	4.0
/r/Causes	/c/en/famine	/c/en/hunger	1.0
/r/Causes	/c/en/farting	/c/en/embarassment	1.0
/r/Causes	/c/en/farting	/c/en/embarrasment	1.0
/r/Causes	/c/en/farting	/c/en/odor	1.0
/r/Causes	/c/en/farting	/c/en/skidmarks	1.0
/r/Causes	/c/en/farting	/c/en/smell	1.0
/r/Causes	/c/en/farting	/c/en/stench	1.0
/r/Causes	/c/en/farting	/c/en/stink	3.464
/r/Causes	/c/en/farting	/c/en/stinking	1.0
/r/Causes	/c/en/fasten/v/wn/contact	/c/en/fasten/v/wn/contact	2.0
/r/Causes	/c/en/fasting	/c/en/death	1.0
/r/Causes	/c/en/fasting	/c/en/hunger	1.0
/r/Causes	/c/en/fear	/c/en/trembling	1.0
/r/Causes	/c/en/fearing	/c/en/hating	2.828
/r/Causes	/c/en/fearing	/c/en/violence	1.0
/r/Causes	/c/en/feed/v/wn/consumption	/c/en/eat/v/wn/consumption	2.0
/r/Causes	/c/en/fell/v/wn/contact	/c/en/descend/v/wn/motion	2.0
/r/Causes	/c/en/fencing	/c/en/competition	1.0
/r/Causes	/c/en/fencing	/c/en/confine	1.0
/r/Causes	/c/en/fencing	/c/en/exercise	1.0
/r/Causes	/c/en/fencing	/c/en/injuries	2.828
/r/Causes	/c/en/fencing	/c/en/injury	1.0
/r/Causes	/c/en/fencing	/c/en/parries	1.0
/r/Causes	/c/en/fencing	/c/en/perspiration	1.0
/r/Causes	/c/en/fencing	/c/en/sweating	1.0
/r/Causes	/c/en/fencing	/c/en/winning	1.0
/r/Causes	/c/en/ferment/v/wn/change	/c/en/sour/v/wn/change	2.0
/r/Causes	/c/en/fever	/c/en/drowsiness	1.0
/r/Causes	/c/en/fever	/c/en/headache	1.0
/r/Causes	/c/en/fiddling	/c/en/breaking	1.0
/r/Causes	/c/en/fiddling	/c/en/dancing	2.0
/r/Causes	/c/en/fiddling	/c/en/discovery	1.0
/r/Causes	/c/en/fiddling	/c/en/drop	1.0
/r/Causes	/c/en/fiddling	/c/en/music	2.828
/r/Causes	/c/en/fiddling	/c/en/noise	1.0
/r/Causes	/c/en/fiddling	/c/en/troubles	1.0
/r/Causes	/c/en/fiddling	/c/en/unpredictable	1.0
/r/Causes	/c/en/fill/v/wn/change	/c/en/fill/v/wn/change	2.0
/r/Causes	/c/en/fire	/c/en/ashes	1.0
/r/Causes	/c/en/fire	/c/en/heat	1.0
/r/Causes	/c/en/fire	/c/en/pain	1.0
/r/Causes	/c/en/fire	/c/en/smoke	1.0
/r/Causes	/c/en/fire/v/wn/competition	/c/en/fire/v/wn/competition	2.0
/r/Causes	/c/en/fishing	/c/en/anger	1.0
/r/Causes	/c/en/fishing	/c/en/wetness	1.0
/r/Causes	/c/en/fit/v/wn/change	/c/en/fit/v/wn/stative	2.0
/r/Causes	/c/en/flirting	/c/en/affection	1.0
/r/Causes	/c/en/flirting	/c/en/anger	1.0
/r/Causes	/c/en/flirting	/c/en/attraction	1.0
/r/Causes	/c/en/flirting	/c/en/curiosity	1.0
/r/Causes	/c/en/flirting	/c/en/date	1.0
/r/Causes	/c/en/flirting	/c/en/happiness	1.0
/r/Causes	/c/en/flirting	/c/en/jealousy	1.0
/r/Causes	/c/en/flirting	/c/en/problems	2.0
/r/Causes	/c/en/flirting	/c/en/relationship	4.0
/r/Causes	/c/en/flirting	/c/en/sex	5.292
/r/Causes	/c/en/flling	/c/en/injury	1.0
/r/Causes	/c/en/flood	/c/en/disaster	1.0
/r/Causes	/c/en/flow/v/wn/motion	/c/en/run/v/wn/motion	2.0
/r/Causes	/c/en/flush/v/wn/change	/c/en/run/v/wn/motion	2.0
/r/Causes	/c/en/fluster/v/wn/emotion	/c/en/fluster/v/wn/emotion	2.0
/r/Causes	/c/en/fly/v/wn/motion	/c/en/float/v/wn/motion	2.0
/r/Causes	/c/en/focus/v/wn/change	/c/en/focus/v/wn/change	2.0
/r/Causes	/c/en/follow/v/wn/stative	/c/en/follow/v/wn/stative	2.0
/r/Causes	/c/en/forgiving	/c/en/absolution	1.0
/r/Causes	/c/en/forgiving	/c/en/guilt	1.0
/r/Causes	/c/en/forgiving	/c/en/peace	1.0
/r/Causes	/c/en/forgiving	/c/en/positive	1.0
/r/Causes	/c/en/forgiving	/c/en/reconcilliation	1.0
/r/Causes	/c/en/forgiving	/c/en/redemption	1.0
/r/Causes	/c/en/forgiving	/c/en/respect	1.0
/r/Causes	/c/en/freeze/v/wn/change	/c/en/freeze/v/wn/change	2.0
/r/Causes	/c/en/fret/v/wn/emotion	/c/en/fret/v/wn/emotion	2.0
/r/Causes	/c/en/friction	/c/en/heat	1.0
/r/Causes	/c/en/frighten/v/wn/emotion	/c/en/fear/v/wn/emotion	2.0
/r/Causes	/c/en/fruit/v/wn/creation	/c/en/fruit/v/wn/creation	2.0
/r/Causes	/c/en/funeral	/c/en/sadness	1.0
/r/Causes	/c/en/gambling	/c/en/bankruptcy	2.0
/r/Causes	/c/en/gambling	/c/en/penury	1.0
/r/Causes	/c/en/germ	/c/en/disease	1.0
/r/Causes	/c/en/getting	/c/en/aquisition	1.0
/r/Causes	/c/en/getting	/c/en/death	1.0
/r/Causes	/c/en/getting	/c/en/disappointment	1.0
/r/Causes	/c/en/getting	/c/en/get	1.0
/r/Causes	/c/en/getting	/c/en/gratitude	1.0
/r/Causes	/c/en/getting	/c/en/having	2.0
/r/Causes	/c/en/getting	/c/en/headaches	1.0
/r/Causes	/c/en/getting	/c/en/illness	1.0
/r/Causes	/c/en/getting	/c/en/joy	1.0
/r/Causes	/c/en/getting	/c/en/losing	1.0
/r/Causes	/c/en/getting	/c/en/ownership	1.0
/r/Causes	/c/en/getting	/c/en/receiving	1.0
/r/Causes	/c/en/getting	/c/en/satisfaction	2.828
/r/Causes	/c/en/ghost	/c/en/fear	1.0
/r/Causes	/c/en/give/v/wn/possession	/c/en/have/v/wn/possession	2.0
/r/Causes	/c/en/gladden/v/wn/emotion	/c/en/gladden/v/wn/emotion	2.0
/r/Causes	/c/en/god	/c/en/miracles	1.0
/r/Causes	/c/en/graduate/v/wn/possession	/c/en/graduate/v/wn/possession	2.0
/r/Causes	/c/en/granulate/v/wn/change	/c/en/granulate/v/wn/change	2.0
/r/Causes	/c/en/gravity	/c/en/falling	1.0
/r/Causes	/c/en/gravity	/c/en/weight	1.0
/r/Causes	/c/en/grieve/v/wn/emotion	/c/en/grieve/v/wn/emotion	2.0
/r/Causes	/c/en/grooming	/c/en/beauty	1.0
/r/Causes	/c/en/grooming	/c/en/cleanliness	1.0
/r/Causes	/c/en/grooming	/c/en/get	1.0
/r/Causes	/c/en/grooming	/c/en/injury	1.0
/r/Causes	/c/en/grooming	/c/en/late	1.0
/r/Causes	/c/en/grooming	/c/en/mistakes	1.0
/r/Causes	/c/en/grooming	/c/en/neatness	1.0
/r/Causes	/c/en/grooming	/c/en/positive	1.0
/r/Causes	/c/en/grooming	/c/en/satisfaction	1.0
/r/Causes	/c/en/grooming	/c/en/static	1.0
/r/Causes	/c/en/grooming	/c/en/tardiness	1.0
/r/Causes	/c/en/grow/v/wn/change	/c/en/grow/v/wn/change	2.0
/r/Causes	/c/en/guitar/n/wn/artifact	/c/en/vibration/n/wn/act	2.0
/r/Causes	/c/en/hammer	/c/en/nailing	1.0
/r/Causes	/c/en/hang/v/wn/contact	/c/en/hang/v/wn/contact	2.0
/r/Causes	/c/en/happiness	/c/en/laughter	1.0
/r/Causes	/c/en/happiness	/c/en/love	1.0
/r/Causes	/c/en/happiness	/c/en/tears	1.0
/r/Causes	/c/en/harden/v/wn/change	/c/en/harden/v/wn/change	2.0
/r/Causes	/c/en/hate	/c/en/violence	1.0
/r/Causes	/c/en/hate	/c/en/war	1.0
/r/Causes	/c/en/heat	/c/en/irritation	1.0
/r/Causes	/c/en/heat	/c/en/pain	1.0
/r/Causes	/c/en/heat/v/wn/change	/c/en/heat/v/wn/change	2.0
/r/Causes	/c/en/heating	/c/en/boiling	1.0
/r/Causes	/c/en/helping	/c/en/complications	1.0
/r/Causes	/c/en/helping	/c/en/enjoyment	1.0
/r/Causes	/c/en/helping	/c/en/happiness	1.0
/r/Causes	/c/en/helping	/c/en/heart	1.0
/r/Causes	/c/en/helping	/c/en/pay	1.0
/r/Causes	/c/en/helping	/c/en/satisfaction	1.0
/r/Causes	/c/en/heroin	/c/en/euphoria	2.0
/r/Causes	/c/en/hiking	/c/en/adventure	1.0
/r/Causes	/c/en/hiking	/c/en/blisters	2.828
/r/Causes	/c/en/hiking	/c/en/cramps	1.0
/r/Causes	/c/en/hiking	/c/en/exercise	1.0
/r/Causes	/c/en/hiking	/c/en/fatigue	1.0
/r/Causes	/c/en/hiking	/c/en/smile	1.0
/r/Causes	/c/en/hiking	/c/en/sweating	1.0
/r/Causes	/c/en/hiking	/c/en/tired	1.0
/r/Causes	/c/en/homework	/c/en/frustration	1.0
/r/Causes	/c/en/hugging	/c/en/arousal	1.0
/r/Causes	/c/en/humour	/c/en/smile	1.0
/r/Causes	/c/en/hunger	/c/en/discomfort	1.0
/r/Causes	/c/en/hunger	/c/en/eating	1.0
/r/Causes	/c/en/hunger	/c/en/starvation	1.0
/r/Causes	/c/en/hurricane	/c/en/disaster	1.0
/r/Causes	/c/en/hurricane	/c/en/horrendous	1.0
/r/Causes	/c/en/hurricane	/c/en/tornadoes	1.0
/r/Causes	/c/en/hurt/v/wn/body	/c/en/ache/v/wn/perception	2.0
/r/Causes	/c/en/hush/v/wn/change	/c/en/hush/v/wn/change	2.0
/r/Causes	/c/en/hydrolize/v/wn/change	/c/en/hydrolyze/v/wn/change	2.0
/r/Causes	/c/en/ignite/v/wn/weather	/c/en/burn/v/wn/change	2.0
/r/Causes	/c/en/ignorance	/c/en/accidents	1.0
/r/Causes	/c/en/ignorance	/c/en/bliss	1.0
/r/Causes	/c/en/ignorance	/c/en/hostility	1.0
/r/Causes	/c/en/impalement	/c/en/death	1.0
/r/Causes	/c/en/impatience	/c/en/frustration	1.0
/r/Causes	/c/en/incite/v/wn/communication	/c/en/act/v/wn/social	2.0
/r/Causes	/c/en/infection	/c/en/death	2.0
/r/Causes	/c/en/infection	/c/en/malfunction	2.0
/r/Causes	/c/en/infidelity	/c/en/divorce	1.0
/r/Causes	/c/en/information	/c/en/understanding	1.0
/r/Causes	/c/en/injury	/c/en/pain	2.0
/r/Causes	/c/en/instrument/n/wn/artifact	/c/en/job/n/wn/act	2.0
/r/Causes	/c/en/intensify/v/wn/change	/c/en/intensify/v/wn/change	2.0
/r/Causes	/c/en/intercorse	/c/en/orgasms	2.0
/r/Causes	/c/en/intimacy	/c/en/affection	1.0
/r/Causes	/c/en/intoxication	/c/en/regret	2.0
/r/Causes	/c/en/irc	/c/en/addiction	1.0
/r/Causes	/c/en/irs	/c/en/suicides	1.0
/r/Causes	/c/en/islamize/v/wn/change	/c/en/convert/v/wn/change	2.0
/r/Causes	/c/en/jealously	/c/en/fight	1.0
/r/Causes	/c/en/jealousy	/c/en/deaths	1.0
/r/Causes	/c/en/jesse	/c/en/happiness	1.0
/r/Causes	/c/en/job	/c/en/stress	1.0
/r/Causes	/c/en/jogging	/c/en/blisters	1.0
/r/Causes	/c/en/jogging	/c/en/cramping	1.0
/r/Causes	/c/en/jogging	/c/en/exhaustion	2.828
/r/Causes	/c/en/jogging	/c/en/fatigue	1.0
/r/Causes	/c/en/jogging	/c/en/fitness	1.0
/r/Causes	/c/en/jogging	/c/en/moving	1.0
/r/Causes	/c/en/jogging	/c/en/sweat	2.828
/r/Causes	/c/en/jogging	/c/en/sweating	3.464
/r/Causes	/c/en/join/v/wn/contact	/c/en/join/v/wn/contact	2.0
/r/Causes	/c/en/joke	/c/en/laughter	1.0
/r/Causes	/c/en/judging	/c/en/argument	1.0
/r/Causes	/c/en/judging	/c/en/conflict	1.0
/r/Causes	/c/en/judging	/c/en/controversy	1.0
/r/Causes	/c/en/judging	/c/en/dislike	1.0
/r/Causes	/c/en/judging	/c/en/evaluating	1.0
/r/Causes	/c/en/judging	/c/en/judgement	1.0
/r/Causes	/c/en/judging	/c/en/labeling	1.0
/r/Causes	/c/en/judging	/c/en/pain	1.0
/r/Causes	/c/en/judging	/c/en/prejudice	1.0
/r/Causes	/c/en/judging	/c/en/resentment	1.0
/r/Causes	/c/en/judging	/c/en/responsibility	1.0
/r/Causes	/c/en/judging	/c/en/verdict	1.0
/r/Causes	/c/en/jump/v/wn/motion	/c/en/jump/v/wn/motion	2.0
/r/Causes	/c/en/jumping	/c/en/landing	1.0
/r/Causes	/c/en/kill/v/wn/contact	/c/en/die/v/wn/change	2.0
/r/Causes	/c/en/killing	/c/en/arrest	2.0
/r/Causes	/c/en/killing	/c/en/arrested	2.828
/r/Causes	/c/en/killing	/c/en/death	6.633
/r/Causes	/c/en/killing	/c/en/dies	4.472
/r/Causes	/c/en/killing	/c/en/freedom	1.0
/r/Causes	/c/en/killing	/c/en/funeral	1.0
/r/Causes	/c/en/killing	/c/en/grief	1.0
/r/Causes	/c/en/killing	/c/en/guilt	6.633
/r/Causes	/c/en/killing	/c/en/horrible	1.0
/r/Causes	/c/en/killing	/c/en/imprisoned	2.0
/r/Causes	/c/en/killing	/c/en/investigation	1.0
/r/Causes	/c/en/killing	/c/en/pleasure	1.0
/r/Causes	/c/en/killing	/c/en/punishment	1.0
/r/Causes	/c/en/killing	/c/en/remorse	1.0
/r/Causes	/c/en/killing	/c/en/retribution	1.0
/r/Causes	/c/en/killing	/c/en/sadness	1.0
/r/Causes	/c/en/killing	/c/en/sorrow	1.0
/r/Causes	/c/en/killing	/c/en/suicide	1.0
/r/Causes	/c/en/kising	/c/en/illness	1.0
/r/Causes	/c/en/kissing	/c/en/arousal	4.0
/r/Causes	/c/en/kissing	/c/en/cooties	1.0
/r/Causes	/c/en/kissing	/c/en/disease	1.0
/r/Causes	/c/en/kissing	/c/en/embaracment	1.0
/r/Causes	/c/en/kissing	/c/en/erection	6.0
/r/Causes	/c/en/kissing	/c/en/excitement	1.0
/r/Causes	/c/en/kissing	/c/en/happiness	1.0
/r/Causes	/c/en/kissing	/c/en/herpes	2.828
/r/Causes	/c/en/kissing	/c/en/horniness	1.0
/r/Causes	/c/en/kissing	/c/en/like	1.0
/r/Causes	/c/en/kissing	/c/en/love	2.0
/r/Causes	/c/en/kissing	/c/en/pleasurable	2.828
/r/Causes	/c/en/kissing	/c/en/pleasure	2.828
/r/Causes	/c/en/kissing	/c/en/sex	5.657
/r/Causes	/c/en/kissing	/c/en/shyness	1.0
/r/Causes	/c/en/kissing	/c/en/stiffy	2.0
/r/Causes	/c/en/kissing	/c/en/sweet	1.0
/r/Causes	/c/en/knitting	/c/en/afgans	1.0
/r/Causes	/c/en/knitting	/c/en/arthritis	1.0
/r/Causes	/c/en/knitting	/c/en/bleeding	1.0
/r/Causes	/c/en/knitting	/c/en/relax	2.0
/r/Causes	/c/en/knitting	/c/en/relaxation	2.0
/r/Causes	/c/en/knitting	/c/en/scarf	1.0
/r/Causes	/c/en/knitting	/c/en/sweaters	1.0
/r/Causes	/c/en/knitting	/c/en/your	1.0
/r/Causes	/c/en/laughing	/c/en/coughing	1.0
/r/Causes	/c/en/laughter	/c/en/happiness	1.0
/r/Causes	/c/en/lawsuit	/c/en/stress	1.0
/r/Causes	/c/en/lay/v/wn/contact	/c/en/lie/v/wn/contact	2.0
/r/Causes	/c/en/laziness	/c/en/inventions	1.0
/r/Causes	/c/en/leach/v/wn/motion	/c/en/leach/v/wn/motion	2.0
/r/Causes	/c/en/leak/v/wn/communication	/c/en/break/v/wn/communication	2.0
/r/Causes	/c/en/learning	/c/en/distress	1.0
/r/Causes	/c/en/learning	/c/en/dysfunction	1.0
/r/Causes	/c/en/learning	/c/en/education	1.0
/r/Causes	/c/en/learning	/c/en/effectiveness	1.0
/r/Causes	/c/en/learning	/c/en/good	2.0
/r/Causes	/c/en/learning	/c/en/growth	1.0
/r/Causes	/c/en/learning	/c/en/headaches	1.0
/r/Causes	/c/en/learning	/c/en/intelligencde	1.0
/r/Causes	/c/en/learning	/c/en/intelligence	2.828
/r/Causes	/c/en/learning	/c/en/knowing	1.0
/r/Causes	/c/en/learning	/c/en/knowledge	4.0
/r/Causes	/c/en/learning	/c/en/overconfidence	1.0
/r/Causes	/c/en/learning	/c/en/pain	1.0
/r/Causes	/c/en/learning	/c/en/pride	1.0
/r/Causes	/c/en/learning	/c/en/understanding	4.0
/r/Causes	/c/en/lengthen/v/wn/change	/c/en/lengthen/v/wn/change	2.0
/r/Causes	/c/en/lie	/c/en/deceipt	1.0
/r/Causes	/c/en/life	/c/en/poop	1.0
/r/Causes	/c/en/lift/v/wn/motion	/c/en/rise/v/wn/motion	2.0
/r/Causes	/c/en/lighening	/c/en/thunder	1.0
/r/Causes	/c/en/lighten/v/wn/emotion	/c/en/lighten/v/wn/communication	2.0
/r/Causes	/c/en/lightning	/c/en/thunder	2.0
/r/Causes	/c/en/listening	/c/en/anxiety	1.0
/r/Causes	/c/en/listening	/c/en/contentment	1.0
/r/Causes	/c/en/listening	/c/en/empathy	1.0
/r/Causes	/c/en/listening	/c/en/fatigue	1.0
/r/Causes	/c/en/listening	/c/en/hear	1.0
/r/Causes	/c/en/listening	/c/en/hearing	4.0
/r/Causes	/c/en/listening	/c/en/knowing	1.0
/r/Causes	/c/en/listening	/c/en/knowlege	1.0
/r/Causes	/c/en/listening	/c/en/learning	4.899
/r/Causes	/c/en/listening	/c/en/pain	1.0
/r/Causes	/c/en/listening	/c/en/silence	1.0
/r/Causes	/c/en/listening	/c/en/understanding	2.0
/r/Causes	/c/en/living	/c/en/breathing	1.0
/r/Causes	/c/en/living	/c/en/change	1.0
/r/Causes	/c/en/living	/c/en/death	3.464
/r/Causes	/c/en/living	/c/en/dieing	1.0
/r/Causes	/c/en/living	/c/en/dying	4.0
/r/Causes	/c/en/living	/c/en/expiration	1.0
/r/Causes	/c/en/living	/c/en/happiness	1.0
/r/Causes	/c/en/living	/c/en/happyness	1.0
/r/Causes	/c/en/living	/c/en/hard	1.0
/r/Causes	/c/en/living	/c/en/interaction	1.0
/r/Causes	/c/en/living	/c/en/learning	1.0
/r/Causes	/c/en/living	/c/en/life	2.828
/r/Causes	/c/en/living	/c/en/love	1.0
/r/Causes	/c/en/living	/c/en/loving	1.0
/r/Causes	/c/en/living	/c/en/palpitations	1.0
/r/Causes	/c/en/living	/c/en/perspiration	1.0
/r/Causes	/c/en/living	/c/en/pollution	1.0
/r/Causes	/c/en/living	/c/en/reproducing	1.0
/r/Causes	/c/en/living	/c/en/respiration	1.0
/r/Causes	/c/en/living	/c/en/sadness	1.0
/r/Causes	/c/en/living	/c/en/suffering	1.0
/r/Causes	/c/en/living	/c/en/surviving	1.0
/r/Causes	/c/en/loneliness	/c/en/dispair	1.0
/r/Causes	/c/en/loosen/v/wn/change	/c/en/loosen/v/wn/change	2.0
/r/Causes	/c/en/love	/c/en/deaths	2.0
/r/Causes	/c/en/love	/c/en/marriage	1.0
/r/Causes	/c/en/love	/c/en/pain	1.0
/r/Causes	/c/en/lower/v/wn/motion	/c/en/descend/v/wn/motion	2.0
/r/Causes	/c/en/lying	/c/en/confusion	1.0
/r/Causes	/c/en/lying	/c/en/deceived	1.0
/r/Causes	/c/en/lying	/c/en/deception	1.0
/r/Causes	/c/en/lying	/c/en/distrust	2.828
/r/Causes	/c/en/lying	/c/en/doubt	1.0
/r/Causes	/c/en/lying	/c/en/enjoyment	1.0
/r/Causes	/c/en/lying	/c/en/guilt	4.472
/r/Causes	/c/en/lying	/c/en/mistrust	1.0
/r/Causes	/c/en/lying	/c/en/pain	1.0
/r/Causes	/c/en/lying	/c/en/problems	2.0
/r/Causes	/c/en/lying	/c/en/sadness	1.0
/r/Causes	/c/en/lying	/c/en/shame	1.0
/r/Causes	/c/en/lying	/c/en/trouble	2.0
/r/Causes	/c/en/lying	/c/en/unhappiness	1.0
/r/Causes	/c/en/lying	/c/en/war	1.0
/r/Causes	/c/en/marble/n/wn/artifact	/c/en/game/n/wn/act	2.0
/r/Causes	/c/en/march/v/wn/motion	/c/en/march/v/wn/motion	2.0
/r/Causes	/c/en/masturbation	/c/en/ejaculation	4.899
/r/Causes	/c/en/masturbation	/c/en/orgasm	5.292
/r/Causes	/c/en/match	/c/en/fire	1.0
/r/Causes	/c/en/match/n/wn/artifact	/c/en/friction/n/wn/act	2.0
/r/Causes	/c/en/mathcamp	/c/en/happiness	1.0
/r/Causes	/c/en/mellow/v/wn/change	/c/en/mellow/v/wn/change	2.0
/r/Causes	/c/en/memorising	/c/en/boredom	1.0
/r/Causes	/c/en/memorising	/c/en/headache	4.0
/r/Causes	/c/en/memorising	/c/en/knowing	1.0
/r/Causes	/c/en/memorising	/c/en/knowledge	2.0
/r/Causes	/c/en/memorising	/c/en/learning	2.828
/r/Causes	/c/en/memorising	/c/en/memories	1.0
/r/Causes	/c/en/memorising	/c/en/recital	1.0
/r/Causes	/c/en/memorising	/c/en/remember	2.0
/r/Causes	/c/en/memorising	/c/en/rememberence	1.0
/r/Causes	/c/en/memorising	/c/en/remembering	2.828
/r/Causes	/c/en/mine/n/wn/artifact	/c/en/contact/n/wn/act	2.0
/r/Causes	/c/en/misunderstanding	/c/en/violence	1.0
/r/Causes	/c/en/mobilize/v/wn/change	/c/en/move/v/wn/motion	2.0
/r/Causes	/c/en/moisture	/c/en/damage	1.0
/r/Causes	/c/en/moisture	/c/en/dampness	1.0
/r/Causes	/c/en/money	/c/en/greed	1.0
/r/Causes	/c/en/morph/v/wn/change	/c/en/morph/v/wn/change	2.0
/r/Causes	/c/en/move/v/wn/motion	/c/en/move/v/wn/motion	2.0
/r/Causes	/c/en/neglicence	/c/en/sorry	1.0
/r/Causes	/c/en/odorize/v/wn/perception	/c/en/smell/v/wn/perception	2.0
/r/Causes	/c/en/open/v/wn/change	/c/en/open/v/wn/change	2.0
/r/Causes	/c/en/open/v/wn/contact	/c/en/open/v/wn/contact	2.0
/r/Causes	/c/en/orient/v/wn/stative	/c/en/orient/v/wn/stative	2.0
/r/Causes	/c/en/overeating	/c/en/farting	1.0
/r/Causes	/c/en/overeating	/c/en/indigestino	1.0
/r/Causes	/c/en/overeating	/c/en/indigestion	1.0
/r/Causes	/c/en/overheat/v/wn/change	/c/en/overheat/v/wn/change	2.0
/r/Causes	/c/en/overpopulation	/c/en/famine	1.0
/r/Causes	/c/en/overpopulation	/c/en/loneliness	1.0
/r/Causes	/c/en/overturn/v/wn/motion	/c/en/overturn/v/wn/motion	2.0
/r/Causes	/c/en/oxycontin	/c/en/euphoria	1.0
/r/Causes	/c/en/oxygen	/c/en/corrosion	1.0
/r/Causes	/c/en/pack/v/wn/motion	/c/en/throng/v/wn/motion	2.0
/r/Causes	/c/en/pain	/c/en/fear	1.0
/r/Causes	/c/en/pain	/c/en/unhappiness	1.0
/r/Causes	/c/en/pain/v/wn/emotion	/c/en/suffer/v/wn/emotion	2.0
/r/Causes	/c/en/painting	/c/en/beauty	1.0
/r/Causes	/c/en/painting	/c/en/color	1.0
/r/Causes	/c/en/painting	/c/en/emotions	1.0
/r/Causes	/c/en/painting	/c/en/mess	1.0
/r/Causes	/c/en/painting	/c/en/pictures	1.0
/r/Causes	/c/en/painting	/c/en/slashes	1.0
/r/Causes	/c/en/painting	/c/en/spatter	1.0
/r/Causes	/c/en/painting	/c/en/spatters	1.0
/r/Causes	/c/en/pall/v/wn/change	/c/en/die/v/wn/change	2.0
/r/Causes	/c/en/pandemic	/c/en/absenteeism	1.0
/r/Causes	/c/en/panic	/c/en/injury	1.0
/r/Causes	/c/en/panic/v/wn/emotion	/c/en/panic/v/wn/emotion	2.0
/r/Causes	/c/en/pass/v/wn/motion	/c/en/pass/v/wn/motion	2.0
/r/Causes	/c/en/pass/v/wn/social	/c/en/pass/v/wn/social	2.0
/r/Causes	/c/en/pasteurize/v/wn/change	/c/en/condense/v/wn/change	2.0
/r/Causes	/c/en/pepper	/c/en/sneezing	1.0
/r/Causes	/c/en/percolate/v/wn/contact	/c/en/percolate/v/wn/contact	2.0
/r/Causes	/c/en/perfection	/c/en/jealousy	1.0
/r/Causes	/c/en/performing	/c/en/accolades	1.0
/r/Causes	/c/en/performing	/c/en/action	1.0
/r/Causes	/c/en/performing	/c/en/anxiety	1.0
/r/Causes	/c/en/performing	/c/en/applause	1.0
/r/Causes	/c/en/performing	/c/en/butterflies	1.0
/r/Causes	/c/en/performing	/c/en/energetic	1.0
/r/Causes	/c/en/performing	/c/en/entertaining	1.0
/r/Causes	/c/en/performing	/c/en/fear	1.0
/r/Causes	/c/en/performing	/c/en/happiness	1.0
/r/Causes	/c/en/performing	/c/en/injury	1.0
/r/Causes	/c/en/performing	/c/en/tiredness	1.0
/r/Causes	/c/en/pique/v/wn/emotion	/c/en/resent/v/wn/emotion	2.0
/r/Causes	/c/en/playing	/c/en/competitiveness	1.0
/r/Causes	/c/en/playing	/c/en/enjoyment	1.0
/r/Causes	/c/en/playing	/c/en/fatigue	1.0
/r/Causes	/c/en/playing	/c/en/fitness	1.0
/r/Causes	/c/en/playing	/c/en/fun	8.0
/r/Causes	/c/en/playing	/c/en/injuries	2.0
/r/Causes	/c/en/playing	/c/en/injury	1.0
/r/Causes	/c/en/playing	/c/en/learning	3.464
/r/Causes	/c/en/playing	/c/en/loosing	1.0
/r/Causes	/c/en/playing	/c/en/losing	1.0
/r/Causes	/c/en/playing	/c/en/relaxation	1.0
/r/Causes	/c/en/playing	/c/en/satisfaction	1.0
/r/Causes	/c/en/playing	/c/en/win	2.0
/r/Causes	/c/en/playing	/c/en/winning	2.0
/r/Causes	/c/en/please/v/wn/emotion	/c/en/like/v/wn/emotion	2.0
/r/Causes	/c/en/plunge/v/wn/cognition	/c/en/steep/v/wn/cognition	2.0
/r/Causes	/c/en/poise/v/wn/contact	/c/en/poise/v/wn/contact	2.0
/r/Causes	/c/en/poison	/c/en/death	1.0
/r/Causes	/c/en/poisoning	/c/en/sickness	2.0
/r/Causes	/c/en/polymerize/v/wn/chemistry	/c/en/polymerize/v/wn/chemistry	2.0
/r/Causes	/c/en/pour/v/wn/motion	/c/en/run/v/wn/motion	2.0
/r/Causes	/c/en/praying	/c/en/calming	1.0
/r/Causes	/c/en/praying	/c/en/contemplation	1.0
/r/Causes	/c/en/praying	/c/en/futile	1.0
/r/Causes	/c/en/praying	/c/en/meditation	1.0
/r/Causes	/c/en/praying	/c/en/miracle	1.0
/r/Causes	/c/en/praying	/c/en/miracles	1.0
/r/Causes	/c/en/praying	/c/en/relief	4.899
/r/Causes	/c/en/praying	/c/en/religiosity	1.0
/r/Causes	/c/en/praying	/c/en/success	1.0
/r/Causes	/c/en/pressure	/c/en/osmosis	1.0
/r/Causes	/c/en/pretending	/c/en/acting	1.0
/r/Causes	/c/en/pretending	/c/en/deception	2.828
/r/Causes	/c/en/pretending	/c/en/distrust	1.0
/r/Causes	/c/en/pretending	/c/en/erections	1.0
/r/Causes	/c/en/pretending	/c/en/fantasy	1.0
/r/Causes	/c/en/pretending	/c/en/fooled	1.0
/r/Causes	/c/en/pretending	/c/en/fun	1.0
/r/Causes	/c/en/pretending	/c/en/lying	1.0
/r/Causes	/c/en/pretending	/c/en/misunderstanding	1.0
/r/Causes	/c/en/pretending	/c/en/not	1.0
/r/Causes	/c/en/pretending	/c/en/play	2.828
/r/Causes	/c/en/procreating	/c/en/children	1.0
/r/Causes	/c/en/procreating	/c/en/exhaustion	1.0
/r/Causes	/c/en/procreating	/c/en/itching	1.0
/r/Causes	/c/en/procreating	/c/en/life	2.0
/r/Causes	/c/en/procreating	/c/en/offspring	1.0
/r/Causes	/c/en/procreating	/c/en/overpopulation	2.0
/r/Causes	/c/en/procreating	/c/en/pregnancy	2.828
/r/Causes	/c/en/procreating	/c/en/procreations	1.0
/r/Causes	/c/en/procreating	/c/en/progeny	1.0
/r/Causes	/c/en/procreating	/c/en/quintuplets	1.0
/r/Causes	/c/en/procreating	/c/en/twins	2.0
/r/Causes	/c/en/produce/v/wn/perception	/c/en/appear/v/wn/change	2.0
/r/Causes	/c/en/project/v/wn/perception	/c/en/appear/v/wn/change	2.0
/r/Causes	/c/en/propagate/v/wn/plant	/c/en/propagate/v/wn/biology	2.0
/r/Causes	/c/en/puberty	/c/en/pms	1.0
/r/Causes	/c/en/pulse/v/wn/motion	/c/en/pulsate/v/wn/motion	2.0
/r/Causes	/c/en/punching	/c/en/bruise	2.828
/r/Causes	/c/en/punching	/c/en/fight	2.828
/r/Causes	/c/en/punching	/c/en/hurting	1.0
/r/Causes	/c/en/punching	/c/en/pain	2.828
/r/Causes	/c/en/punishing	/c/en/anger	3.464
/r/Causes	/c/en/punishing	/c/en/hatred	1.0
/r/Causes	/c/en/punishing	/c/en/pleasure	1.0
/r/Causes	/c/en/punishing	/c/en/resentment	1.0
/r/Causes	/c/en/punishing	/c/en/retribution	1.0
/r/Causes	/c/en/punishing	/c/en/revenge	3.464
/r/Causes	/c/en/punishing	/c/en/stress	1.0
/r/Causes	/c/en/purge/v/wn/body	/c/en/evacuate/v/wn/body	2.0
/r/Causes	/c/en/purity	/c/en/distrust	1.0
/r/Causes	/c/en/rain	/c/en/flooding	5.292
/r/Causes	/c/en/rain	/c/en/floods	1.0
/r/Causes	/c/en/raise/v/wn/motion	/c/en/rise/v/wn/motion	2.0
/r/Causes	/c/en/reading	/c/en/calmness	1.0
/r/Causes	/c/en/reading	/c/en/drowsiness	1.0
/r/Causes	/c/en/reading	/c/en/education	1.0
/r/Causes	/c/en/reading	/c/en/entertained	1.0
/r/Causes	/c/en/reading	/c/en/eyestrain	1.0
/r/Causes	/c/en/reading	/c/en/headache	2.0
/r/Causes	/c/en/reading	/c/en/headaches	1.0
/r/Causes	/c/en/reading	/c/en/ideas	4.0
/r/Causes	/c/en/reading	/c/en/knowing	1.0
/r/Causes	/c/en/reading	/c/en/knowledge	1.0
/r/Causes	/c/en/reading	/c/en/learn	1.0
/r/Causes	/c/en/reading	/c/en/learning	12.961
/r/Causes	/c/en/reading	/c/en/thought	1.0
/r/Causes	/c/en/reading	/c/en/understanding	2.0
/r/Causes	/c/en/relax/v/wn/body	/c/en/relax/v/wn/body	2.0
/r/Causes	/c/en/relaxing	/c/en/inattention	1.0
/r/Causes	/c/en/relaxing	/c/en/invigorating	2.0
/r/Causes	/c/en/relaxing	/c/en/nerves	1.0
/r/Causes	/c/en/relaxing	/c/en/relaxation	2.0
/r/Causes	/c/en/relaxing	/c/en/satisfaction	1.0
/r/Causes	/c/en/relaxing	/c/en/sleep	2.0
/r/Causes	/c/en/relaxing	/c/en/sleepiness	1.0
/r/Causes	/c/en/relaxing	/c/en/sleepinesss	1.0
/r/Causes	/c/en/relaxing	/c/en/sleeping	6.0
/r/Causes	/c/en/religion	/c/en/war	4.472
/r/Causes	/c/en/religion	/c/en/wars	1.0
/r/Causes	/c/en/remembering	/c/en/crying	1.0
/r/Causes	/c/en/remembering	/c/en/depression	2.0
/r/Causes	/c/en/remembering	/c/en/embaressment	1.0
/r/Causes	/c/en/remembering	/c/en/forgeting	2.828
/r/Causes	/c/en/remembering	/c/en/inspiration	1.0
/r/Causes	/c/en/remembering	/c/en/knowing	1.0
/r/Causes	/c/en/remembering	/c/en/knowledge	2.828
/r/Causes	/c/en/remembering	/c/en/laugh	1.0
/r/Causes	/c/en/remembering	/c/en/learn	2.0
/r/Causes	/c/en/remembering	/c/en/learning	1.0
/r/Causes	/c/en/remembering	/c/en/nostalgia	2.828
/r/Causes	/c/en/remembering	/c/en/pain	3.464
/r/Causes	/c/en/remembering	/c/en/phoning	1.0
/r/Causes	/c/en/remembering	/c/en/pleasure	1.0
/r/Causes	/c/en/remembering	/c/en/problems	2.0
/r/Causes	/c/en/remembering	/c/en/recalling	1.0
/r/Causes	/c/en/remembering	/c/en/sad	2.0
/r/Causes	/c/en/remembering	/c/en/smile	1.0
/r/Causes	/c/en/remembering	/c/en/trauma	1.0
/r/Causes	/c/en/remind/v/wn/cognition	/c/en/remember/v/wn/cognition	2.0
/r/Causes	/c/en/repeating	/c/en/remember	1.0
/r/Causes	/c/en/reproducing	/c/en/birth	1.0
/r/Causes	/c/en/reproducing	/c/en/child	1.0
/r/Causes	/c/en/reproducing	/c/en/children	5.292
/r/Causes	/c/en/reproducing	/c/en/copies	1.0
/r/Causes	/c/en/reproducing	/c/en/family	1.0
/r/Causes	/c/en/reproducing	/c/en/fun	1.0
/r/Causes	/c/en/reproducing	/c/en/offspring	2.828
/r/Causes	/c/en/reproducing	/c/en/overpopulation	3.464
/r/Causes	/c/en/reproducing	/c/en/problems	2.0
/r/Causes	/c/en/reproducing	/c/en/propagation	1.0
/r/Causes	/c/en/resonate/v/wn/cognition	/c/en/understand/v/wn/cognition	2.0
/r/Causes	/c/en/resting	/c/en/dreaming	1.0
/r/Causes	/c/en/resting	/c/en/laziness	2.0
/r/Causes	/c/en/resting	/c/en/recuperation	1.0
/r/Causes	/c/en/resting	/c/en/rejuvination	2.0
/r/Causes	/c/en/resting	/c/en/relaxation	2.828
/r/Causes	/c/en/resting	/c/en/sleep	2.0
/r/Causes	/c/en/resuscitation	/c/en/life	2.0
/r/Causes	/c/en/retire/v/wn/social	/c/en/retire/v/wn/social	2.0
/r/Causes	/c/en/ring/v/wn/perception	/c/en/sound/v/wn/perception	2.0
/r/Causes	/c/en/ripen/v/wn/change	/c/en/ripen/v/wn/change	2.0
/r/Causes	/c/en/robbery	/c/en/terror	1.0
/r/Causes	/c/en/rotate/v/wn/motion	/c/en/revolve/v/wn/motion	2.0
/r/Causes	/c/en/run	/c/en/tired	2.0
/r/Causes	/c/en/running	/c/en/accidents	1.0
/r/Causes	/c/en/running	/c/en/breathlessness	1.0
/r/Causes	/c/en/running	/c/en/calluses	1.0
/r/Causes	/c/en/running	/c/en/cramps	1.0
/r/Causes	/c/en/running	/c/en/exhaustion	2.0
/r/Causes	/c/en/running	/c/en/falling	2.0
/r/Causes	/c/en/running	/c/en/injuries	2.0
/r/Causes	/c/en/running	/c/en/injury	1.0
/r/Causes	/c/en/running	/c/en/pain	1.0
/r/Causes	/c/en/running	/c/en/stitches	1.0
/r/Causes	/c/en/running	/c/en/sweat	1.0
/r/Causes	/c/en/running	/c/en/sweating	4.0
/r/Causes	/c/en/running	/c/en/tiredness	2.828
/r/Causes	/c/en/rush/v/wn/change	/c/en/rush/v/wn/change	2.0
/r/Causes	/c/en/rushing	/c/en/errors	1.0
/r/Causes	/c/en/sadden/v/wn/emotion	/c/en/sadden/v/wn/emotion	2.0
/r/Causes	/c/en/schizophrenia	/c/en/stigma	1.0
/r/Causes	/c/en/season/v/wn/cooking	/c/en/taste/v/wn/perception	2.0
/r/Causes	/c/en/seat/v/wn/contact	/c/en/sit/v/wn/contact	2.0
/r/Causes	/c/en/seeing	/c/en/fame	1.0
/r/Causes	/c/en/sensitize/v/wn/perception	/c/en/feel/v/wn/perception	2.0
/r/Causes	/c/en/separate/v/wn/contact	/c/en/separate/v/wn/contact	2.0
/r/Causes	/c/en/sewing	/c/en/bleeding	1.0
/r/Causes	/c/en/sewing	/c/en/boredom	1.0
/r/Causes	/c/en/sewing	/c/en/clothes	1.0
/r/Causes	/c/en/sewing	/c/en/confusion	1.0
/r/Causes	/c/en/sewing	/c/en/dress	1.0
/r/Causes	/c/en/sewing	/c/en/injury	1.0
/r/Causes	/c/en/sex	/c/en/children	8.718
/r/Causes	/c/en/sex	/c/en/herpes	2.0
/r/Causes	/c/en/sex	/c/en/orgasm	6.633
/r/Causes	/c/en/sex	/c/en/pregnancy	4.899
/r/Causes	/c/en/sharpen/v/wn/change	/c/en/sharpen/v/wn/change	2.0
/r/Causes	/c/en/shave	/c/en/bald	1.0
/r/Causes	/c/en/shine/v/wn/weather	/c/en/shine/v/wn/weather	2.0
/r/Causes	/c/en/shoes	/c/en/blisters	1.0
/r/Causes	/c/en/shopping	/c/en/bankruptcy	1.0
/r/Causes	/c/en/shopping	/c/en/calluses	1.0
/r/Causes	/c/en/shopping	/c/en/debt	1.0
/r/Causes	/c/en/shopping	/c/en/overspending	1.0
/r/Causes	/c/en/shopping	/c/en/panic	1.0
/r/Causes	/c/en/shopping	/c/en/tiredness	1.0
/r/Causes	/c/en/shorten/v/wn/change	/c/en/shorten/v/wn/change	2.0
/r/Causes	/c/en/show/v/wn/perception	/c/en/see/v/wn/perception	2.0
/r/Causes	/c/en/shrink/v/wn/change	/c/en/shrink/v/wn/change	2.0
/r/Causes	/c/en/sickness	/c/en/suffering	2.0
/r/Causes	/c/en/sin	/c/en/death	1.0
/r/Causes	/c/en/singing	/c/en/anger	1.0
/r/Causes	/c/en/singing	/c/en/happiness	4.472
/r/Causes	/c/en/singing	/c/en/heard	2.0
/r/Causes	/c/en/singing	/c/en/joyousness	2.828
/r/Causes	/c/en/singing	/c/en/laughter	1.0
/r/Causes	/c/en/singing	/c/en/music	1.0
/r/Causes	/c/en/singing	/c/en/pain	1.0
/r/Causes	/c/en/singing	/c/en/relaxation	2.0
/r/Causes	/c/en/sink/v/wn/motion	/c/en/sink/v/wn/motion	2.0
/r/Causes	/c/en/skating	/c/en/falling	3.464
/r/Causes	/c/en/skating	/c/en/injuries	2.0
/r/Causes	/c/en/skating	/c/en/injury	2.0
/r/Causes	/c/en/skating	/c/en/movement	1.0
/r/Causes	/c/en/skating	/c/en/scrapes	1.0
/r/Causes	/c/en/skiing	/c/en/accidents	1.0
/r/Causes	/c/en/skiing	/c/en/exercize	1.0
/r/Causes	/c/en/skiing	/c/en/falling	1.0
/r/Causes	/c/en/skiing	/c/en/injury	1.0
/r/Causes	/c/en/skiing	/c/en/sweat	1.0
/r/Causes	/c/en/slacken/v/wn/change	/c/en/slacken/v/wn/change	2.0
/r/Causes	/c/en/sleeping	/c/en/awakeness	1.0
/r/Causes	/c/en/sleeping	/c/en/bedsores	1.0
/r/Causes	/c/en/sleeping	/c/en/death	3.464
/r/Causes	/c/en/sleeping	/c/en/dreaming	1.0
/r/Causes	/c/en/sleeping	/c/en/dreams	2.828
/r/Causes	/c/en/sleeping	/c/en/drool	1.0
/r/Causes	/c/en/sleeping	/c/en/energy	1.0
/r/Causes	/c/en/sleeping	/c/en/erections	2.828
/r/Causes	/c/en/sleeping	/c/en/nightmares	2.0
/r/Causes	/c/en/sleeping	/c/en/refreshment	1.0
/r/Causes	/c/en/sleeping	/c/en/rejuvenatiobn	1.0
/r/Causes	/c/en/sleeping	/c/en/rejuvenation	1.0
/r/Causes	/c/en/sleeping	/c/en/relaxation	1.0
/r/Causes	/c/en/sleeping	/c/en/rest	4.0
/r/Causes	/c/en/sleeping	/c/en/snoring	2.828
/r/Causes	/c/en/slip/v/wn/motion	/c/en/slip/v/wn/motion	2.0
/r/Causes	/c/en/smiling	/c/en/happiness	2.0
/r/Causes	/c/en/smoking	/c/en/cancer	5.657
/r/Causes	/c/en/smoking	/c/en/caughing	1.0
/r/Causes	/c/en/smoking	/c/en/death	2.0
/r/Causes	/c/en/smoking	/c/en/dying	1.0
/r/Causes	/c/en/smoking	/c/en/pleasure	1.0
/r/Causes	/c/en/snoring	/c/en/complaining	1.0
/r/Causes	/c/en/snoring	/c/en/death	3.464
/r/Causes	/c/en/snoring	/c/en/divorce	1.0
/r/Causes	/c/en/snoring	/c/en/jab	1.0
/r/Causes	/c/en/snoring	/c/en/noise	2.828
/r/Causes	/c/en/snoring	/c/en/obnoxious	1.0
/r/Causes	/c/en/snoring	/c/en/resslessness	1.0
/r/Causes	/c/en/snoring	/c/en/sleeplesness	1.0
/r/Causes	/c/en/snoring	/c/en/waking	4.0
/r/Causes	/c/en/snow	/c/en/avalanches	1.0
/r/Causes	/c/en/snow	/c/en/blizzard	1.0
/r/Causes	/c/en/snow	/c/en/shovelling	1.0
/r/Causes	/c/en/socialising	/c/en/anxiety	2.828
/r/Causes	/c/en/socialising	/c/en/conflicts	1.0
/r/Causes	/c/en/socialising	/c/en/friendships	1.0
/r/Causes	/c/en/socialising	/c/en/jealousy	1.0
/r/Causes	/c/en/socialising	/c/en/laughter	1.0
/r/Causes	/c/en/socialising	/c/en/trouble	1.0
/r/Causes	/c/en/soften/v/wn/change	/c/en/soften/v/wn/change	2.0
/r/Causes	/c/en/solidify/v/wn/physics	/c/en/solidify/v/wn/physics	2.0
/r/Causes	/c/en/solvate/v/wn/chemistry	/c/en/solvate/v/wn/chemistry	2.0
/r/Causes	/c/en/sound/v/wn/perception	/c/en/sound/v/wn/perception	2.0
/r/Causes	/c/en/spark	/c/en/fire	2.828
/r/Causes	/c/en/speeding	/c/en/ticket	2.0
/r/Causes	/c/en/spitting	/c/en/annoyment	2.0
/r/Causes	/c/en/spitting	/c/en/disease	1.0
/r/Causes	/c/en/spitting	/c/en/disgust	2.828
/r/Causes	/c/en/spitting	/c/en/fights	1.0
/r/Causes	/c/en/spitting	/c/en/gross	1.0
/r/Causes	/c/en/spitting	/c/en/loogie	1.0
/r/Causes	/c/en/spitting	/c/en/offending	1.0
/r/Causes	/c/en/sport	/c/en/injury	1.0
/r/Causes	/c/en/stampede/v/wn/motion	/c/en/stampede/v/wn/motion	2.0
/r/Causes	/c/en/stampede/v/wn/social	/c/en/stampede/v/wn/social	2.0
/r/Causes	/c/en/stand/v/wn/contact	/c/en/stand/v/wn/contact	2.0
/r/Causes	/c/en/start/v/wn/motion	/c/en/start/v/wn/motion	2.0
/r/Causes	/c/en/starvation	/c/en/death	2.828
/r/Causes	/c/en/starvation	/c/en/hunger	1.0
/r/Causes	/c/en/starve/v/wn/consumption	/c/en/starve/v/wn/consumption	2.0
/r/Causes	/c/en/stiffen/v/wn/change	/c/en/stiffen/v/wn/change	2.0
/r/Causes	/c/en/stigma	/c/en/discrimination	2.0
/r/Causes	/c/en/stop/v/wn/motion	/c/en/stop/v/wn/motion	2.0
/r/Causes	/c/en/strengthen/v/wn/change	/c/en/strengthen/v/wn/change	2.0
/r/Causes	/c/en/stress	/c/en/depression	1.0
/r/Causes	/c/en/stress	/c/en/fatigue	1.0
/r/Causes	/c/en/stress	/c/en/headache	2.0
/r/Causes	/c/en/stress	/c/en/ulcers	1.0
/r/Causes	/c/en/study	/c/en/knowledge	2.0
/r/Causes	/c/en/studying	/c/en/fatague	1.0
/r/Causes	/c/en/studying	/c/en/headache	2.0
/r/Causes	/c/en/studying	/c/en/headaches	1.0
/r/Causes	/c/en/studying	/c/en/inspiration	1.0
/r/Causes	/c/en/studying	/c/en/intelligence	1.0
/r/Causes	/c/en/studying	/c/en/knowledge	2.0
/r/Causes	/c/en/studying	/c/en/learn	1.0
/r/Causes	/c/en/studying	/c/en/learning	5.292
/r/Causes	/c/en/studying	/c/en/sleep	2.0
/r/Causes	/c/en/studying	/c/en/understanding	1.0
/r/Causes	/c/en/subject/v/wn/perception	/c/en/experience/v/wn/perception	2.0
/r/Causes	/c/en/suborn/v/wn/communication	/c/en/perjure/v/wn/communication	2.0
/r/Causes	/c/en/suffocation	/c/en/death	1.0
/r/Causes	/c/en/sugar	/c/en/cavities	2.0
/r/Causes	/c/en/sun	/c/en/heat	2.0
/r/Causes	/c/en/sun	/c/en/light	2.0
/r/Causes	/c/en/sun	/c/en/sunburns	2.0
/r/Causes	/c/en/sun	/c/en/wrinkles	1.0
/r/Causes	/c/en/sunburn	/c/en/cancer	2.0
/r/Causes	/c/en/sunlight	/c/en/warmth	1.0
/r/Causes	/c/en/surfing	/c/en/crashing	1.0
/r/Causes	/c/en/surfing	/c/en/drowning	4.472
/r/Causes	/c/en/surfing	/c/en/enjoyment	1.0
/r/Causes	/c/en/surfing	/c/en/exciting	1.0
/r/Causes	/c/en/surfing	/c/en/exercising	1.0
/r/Causes	/c/en/surfing	/c/en/falling	1.0
/r/Causes	/c/en/surfing	/c/en/injury	1.0
/r/Causes	/c/en/surfing	/c/en/sunburn	1.0
/r/Causes	/c/en/surprising	/c/en/accidents	1.0
/r/Causes	/c/en/surprising	/c/en/annoyance	1.0
/r/Causes	/c/en/surprising	/c/en/fight	1.0
/r/Causes	/c/en/surprising	/c/en/frightened	1.0
/r/Causes	/c/en/surprising	/c/en/funny	1.0
/r/Causes	/c/en/surprising	/c/en/humor	1.0
/r/Causes	/c/en/surprising	/c/en/irritated	1.0
/r/Causes	/c/en/surprising	/c/en/joy	2.828
/r/Causes	/c/en/surprising	/c/en/laughter	2.828
/r/Causes	/c/en/surprising	/c/en/scream	3.464
/r/Causes	/c/en/surprising	/c/en/shocked	1.0
/r/Causes	/c/en/surprising	/c/en/startled	1.0
/r/Causes	/c/en/surprising	/c/en/urine	1.0
/r/Causes	/c/en/swell/v/wn/change	/c/en/swell/v/wn/change	2.0
/r/Causes	/c/en/swiming	/c/en/living	1.0
/r/Causes	/c/en/swimming	/c/en/cramp	1.0
/r/Causes	/c/en/swimming	/c/en/cramps	2.0
/r/Causes	/c/en/swimming	/c/en/drown	1.0
/r/Causes	/c/en/swimming	/c/en/drowning	4.472
/r/Causes	/c/en/swimming	/c/en/earache	1.0
/r/Causes	/c/en/swimming	/c/en/floating	1.0
/r/Causes	/c/en/swimming	/c/en/propulsion	1.0
/r/Causes	/c/en/swimming	/c/en/waves	1.0
/r/Causes	/c/en/talking	/c/en/boredom	1.0
/r/Causes	/c/en/talking	/c/en/communication	1.0
/r/Causes	/c/en/talking	/c/en/conversation	2.0
/r/Causes	/c/en/talking	/c/en/distraction	1.0
/r/Causes	/c/en/talking	/c/en/headaches	1.0
/r/Causes	/c/en/talking	/c/en/laughing	1.0
/r/Causes	/c/en/talking	/c/en/misunderstandings	1.0
/r/Causes	/c/en/talking	/c/en/noise	1.0
/r/Causes	/c/en/talking	/c/en/revelation	1.0
/r/Causes	/c/en/talking	/c/en/sound	1.0
/r/Causes	/c/en/talking	/c/en/understanding	1.0
/r/Causes	/c/en/teach/v/wn/communication	/c/en/learn/v/wn/cognition	2.0
/r/Causes	/c/en/teaching	/c/en/learning	2.0
/r/Causes	/c/en/tense/v/wn/body	/c/en/tense/v/wn/body	2.0
/r/Causes	/c/en/tequila	/c/en/drowsiness	1.0
/r/Causes	/c/en/terrorism	/c/en/death	1.0
/r/Causes	/c/en/terrorism	/c/en/sadness	1.0
/r/Causes	/c/en/terrorism	/c/en/war	1.0
/r/Causes	/c/en/thanking	/c/en/embarrassment	1.0
/r/Causes	/c/en/thanking	/c/en/emotion	1.0
/r/Causes	/c/en/thanking	/c/en/goodwill	1.0
/r/Causes	/c/en/thanking	/c/en/grateful	1.0
/r/Causes	/c/en/thanking	/c/en/gratitude	1.0
/r/Causes	/c/en/thanking	/c/en/gratitute	1.0
/r/Causes	/c/en/thanking	/c/en/hug	1.0
/r/Causes	/c/en/thanking	/c/en/joy	1.0
/r/Causes	/c/en/thanking	/c/en/peace	1.0
/r/Causes	/c/en/thanking	/c/en/pleased	1.0
/r/Causes	/c/en/thanking	/c/en/rewarded	1.0
/r/Causes	/c/en/thanking	/c/en/smila	1.0
/r/Causes	/c/en/thanking	/c/en/smile	2.828
/r/Causes	/c/en/thanking	/c/en/tears	1.0
/r/Causes	/c/en/thanking	/c/en/thank	1.0
/r/Causes	/c/en/thicken/v/wn/change	/c/en/thicken/v/wn/change	2.0
/r/Causes	/c/en/thin/v/wn/change	/c/en/thin/v/wn/change	2.0
/r/Causes	/c/en/thinking	/c/en/acting	1.0
/r/Causes	/c/en/thinking	/c/en/creative	1.0
/r/Causes	/c/en/thinking	/c/en/decisions	1.0
/r/Causes	/c/en/thinking	/c/en/depression	1.0
/r/Causes	/c/en/thinking	/c/en/fatigue	1.0
/r/Causes	/c/en/thinking	/c/en/idea	1.0
/r/Causes	/c/en/thinking	/c/en/ideas	4.899
/r/Causes	/c/en/thinking	/c/en/knowledge	1.0
/r/Causes	/c/en/thinking	/c/en/money	1.0
/r/Causes	/c/en/thinking	/c/en/tension	1.0
/r/Causes	/c/en/thinking	/c/en/thought	2.0
/r/Causes	/c/en/thinking	/c/en/wonder	1.0
/r/Causes	/c/en/thirst	/c/en/dehydration	1.0
/r/Causes	/c/en/thunderstorm	/c/en/destruction	1.0
/r/Causes	/c/en/tickling	/c/en/giggles	1.0
/r/Causes	/c/en/tickling	/c/en/giggling	2.828
/r/Causes	/c/en/tickling	/c/en/itchiness	1.0
/r/Causes	/c/en/tickling	/c/en/laugh	1.0
/r/Causes	/c/en/tickling	/c/en/laughing	6.325
/r/Causes	/c/en/tickling	/c/en/laughter	7.746
/r/Causes	/c/en/tickling	/c/en/nausea	1.0
/r/Causes	/c/en/tickling	/c/en/pain	1.0
/r/Causes	/c/en/tickling	/c/en/squirming	1.0
/r/Causes	/c/en/tide/v/wn/motion	/c/en/tide/v/wn/motion	2.0
/r/Causes	/c/en/tire/v/wn/body	/c/en/tire/v/wn/body	2.0
/r/Causes	/c/en/transition/v/wn/change	/c/en/transition/v/wn/change	2.0
/r/Causes	/c/en/travel/v/wn/motion	/c/en/travel/v/wn/motion	2.0
/r/Causes	/c/en/traveling	/c/en/diarrhea	1.0
/r/Causes	/c/en/traveling	/c/en/disorientation	1.0
/r/Causes	/c/en/traveling	/c/en/exhilarating	1.0
/r/Causes	/c/en/traveling	/c/en/fatigue	2.0
/r/Causes	/c/en/traveling	/c/en/fear	1.0
/r/Causes	/c/en/traveling	/c/en/learning	1.0
/r/Causes	/c/en/traveling	/c/en/movement	1.0
/r/Causes	/c/en/traveling	/c/en/moving	1.0
/r/Causes	/c/en/traveling	/c/en/relocation	1.0
/r/Causes	/c/en/traveling	/c/en/sickness	1.0
/r/Causes	/c/en/trip/v/wn/creation	/c/en/happen/v/wn/change	2.0
/r/Causes	/c/en/trip/v/wn/motion	/c/en/stumble/v/wn/motion	2.0
/r/Causes	/c/en/tripping	/c/en/falling	1.0
/r/Causes	/c/en/typing	/c/en/book	1.0
/r/Causes	/c/en/typing	/c/en/communicating	1.0
/r/Causes	/c/en/typing	/c/en/communication	2.0
/r/Causes	/c/en/typing	/c/en/errors	1.0
/r/Causes	/c/en/typing	/c/en/indeterminate	1.0
/r/Causes	/c/en/typing	/c/en/lesions	1.0
/r/Causes	/c/en/typing	/c/en/letter	2.828
/r/Causes	/c/en/typing	/c/en/pain	3.464
/r/Causes	/c/en/typing	/c/en/story	1.0
/r/Causes	/c/en/typing	/c/en/tendonitis	1.0
/r/Causes	/c/en/typing	/c/en/text	2.0
/r/Causes	/c/en/unemployment	/c/en/bankrupcy	1.0
/r/Causes	/c/en/unfasten/v/wn/contact	/c/en/unfasten/v/wn/contact	2.0
/r/Causes	/c/en/unionize/v/wn/social	/c/en/unionize/v/wn/social	2.0
/r/Causes	/c/en/unteach/v/wn/communication	/c/en/unlearn/v/wn/cognition	2.0
/r/Causes	/c/en/urinating	/c/en/arrest	1.0
/r/Causes	/c/en/urinating	/c/en/burning	1.0
/r/Causes	/c/en/urinating	/c/en/easement	1.0
/r/Causes	/c/en/urinating	/c/en/pain	1.0
/r/Causes	/c/en/urinating	/c/en/relaxation	1.0
/r/Causes	/c/en/urinating	/c/en/relief	5.292
/r/Causes	/c/en/use/v/wn/consumption	/c/en/apply/v/wn/stative	2.0
/r/Causes	/c/en/vampire	/c/en/fear	1.0
/r/Causes	/c/en/vicodin	/c/en/euphoria	1.0
/r/Causes	/c/en/violence	/c/en/death	1.0
/r/Causes	/c/en/virus	/c/en/cold	1.0
/r/Causes	/c/en/virus	/c/en/disease	2.0
/r/Causes	/c/en/virus	/c/en/infection	2.0
/r/Causes	/c/en/voting	/c/en/election	1.0
/r/Causes	/c/en/waiting	/c/en/boredom	1.0
/r/Causes	/c/en/walking	/c/en/blisters	2.0
/r/Causes	/c/en/walking	/c/en/bunions	1.0
/r/Causes	/c/en/walking	/c/en/exercise	4.899
/r/Causes	/c/en/walking	/c/en/fun	1.0
/r/Causes	/c/en/walking	/c/en/injuries	1.0
/r/Causes	/c/en/walking	/c/en/locomotion	1.0
/r/Causes	/c/en/walking	/c/en/move	2.828
/r/Causes	/c/en/walking	/c/en/moving	2.828
/r/Causes	/c/en/walking	/c/en/tiredness	1.0
/r/Causes	/c/en/war	/c/en/death	4.0
/r/Causes	/c/en/war	/c/en/destruction	3.464
/r/Causes	/c/en/war	/c/en/genocide	1.0
/r/Causes	/c/en/war	/c/en/unrest	1.0
/r/Causes	/c/en/waste/v/wn/change	/c/en/emaciate/v/wn/change	2.0
/r/Causes	/c/en/weaken/v/wn/change	/c/en/weaken/v/wn/change	2.0
/r/Causes	/c/en/widen/v/wn/change	/c/en/widen/v/wn/change	2.0
/r/Causes	/c/en/winning	/c/en/guilt	1.0
/r/Causes	/c/en/work	/c/en/exhaustion	1.0
/r/Causes	/c/en/work/v/wn/social	/c/en/work/v/wn/social	2.0
/r/Causes	/c/en/working	/c/en/blisters	1.0
/r/Causes	/c/en/working	/c/en/boredom	1.0
/r/Causes	/c/en/working	/c/en/creation	2.0
/r/Causes	/c/en/working	/c/en/fatigue	1.0
/r/Causes	/c/en/working	/c/en/frustration	1.0
/r/Causes	/c/en/working	/c/en/hunger	1.0
/r/Causes	/c/en/working	/c/en/produce	1.0
/r/Causes	/c/en/working	/c/en/prosperity	1.0
/r/Causes	/c/en/working	/c/en/results	1.0
/r/Causes	/c/en/working	/c/en/reward	1.0
/r/Causes	/c/en/working	/c/en/stress	5.657
/r/Causes	/c/en/working	/c/en/tiredness	1.0
/r/Causes	/c/en/worry/v/wn/emotion	/c/en/worry/v/wn/emotion	2.0
/r/Causes	/c/en/wrestling	/c/en/blood	1.0
/r/Causes	/c/en/wrestling	/c/en/bruises	1.0
/r/Causes	/c/en/wrestling	/c/en/competition	1.0
/r/Causes	/c/en/wrestling	/c/en/erections	2.828
/r/Causes	/c/en/wrestling	/c/en/injuries	1.0
/r/Causes	/c/en/wrestling	/c/en/injury	2.828
/r/Causes	/c/en/wrestling	/c/en/silly	1.0
/r/Causes	/c/en/wrestling	/c/en/winning	1.0
/r/Causes	/c/en/wrestling	/c/en/wins	2.0
/r/Causes	/c/en/writing	/c/en/catharsis	1.0
/r/Causes	/c/en/writing	/c/en/communication	1.0
/r/Causes	/c/en/writing	/c/en/cramp	1.0
/r/Causes	/c/en/writing	/c/en/documentation	1.0
/r/Causes	/c/en/writing	/c/en/revolutions	2.0
/r/Causes	/c/en/writing	/c/en/story	1.0
/r/Causes	/c/en/writing	/c/en/text	1.0
/r/Causes	/c/en/writing	/c/en/thinking	1.0
/r/Causes	/c/en/writing	/c/en/writing	1.0
/r/Causes	/c/en/zombie	/c/en/fear	1.0
